sheet,chain,co_owned,state,southj,centralj,northj,pa1,pa2,shore,bonus,pctaff,period,ncalls,empft,emppt,nmgrs,wage_st,inctime,firstin,meals,open,hrsopen,psoda,pfry,pentree,nregs,nregs11,type,status,date,special
1,1,0,1,0,1,0,0,0,0,0,80,1,0,16,30,4,4.5,,.25,"both",7,16,.93000001,.82999998,.85000002,4,3,1,1,110592,0
1,1,0,1,0,1,0,0,0,0,0,80,2,,20,40,4,5.0500002,,,"reduced",7,16,1.05,.79000002,.89999998,4,3,,,,
2,1,0,1,0,1,0,0,0,0,1,80,1,0,10,6,3,4.75,26,.5,"free",7,14,1.0599999,.91000003,.95999998,2,2,1,1,110592,1
2,1,0,1,0,1,0,0,0,0,1,80,2,,7.5,10,3,5.25,19,.38,"free",7,15,1.05,1.01,.94,2,2,,,,
3,2,0,1,0,1,0,0,0,0,1,50,1,3,6,13,3,4.25,13,.25,"reduced",11,10,1.0599999,.94999999,3.0899999,5,3,1,1,111792,0
3,2,0,1,0,1,0,0,0,0,1,50,2,2,4,7,3,5.0500002,26,.25,"free",11,11,1.05,.94,2.75,5,3,,,,
4,3,0,1,0,1,0,0,0,0,0,50,1,0,10,12,3,4.75,4,.25,"reduced",9,12.5,1.0599999,1,2.1300001,8,4,1,1,110592,0
4,3,0,1,0,1,0,0,0,0,0,50,2,,5,30,4,5.0500002,26,.28,"reduced",8,13.5,1.22,1.37,.88999999,6,4,,,,
5,3,0,1,0,1,0,0,0,0,0,,1,0,5,30,4,4.5,13,.17,"free",6,17,.94999999,,2.1300001,5,4,1,1,111892,0
5,3,0,1,0,1,0,0,0,0,0,,2,2,10,30,4,5.1500001,4,.18000001,"reduced",6,17,1.05,.94,.94,5,5,,,,
6,3,1,1,0,1,0,0,0,0,0,100,1,2,2,2,2,5,13,.25,"free",11,7,1.2,1.17,2.3499999,4,2,1,1,111792,0
6,3,1,1,0,1,0,0,0,0,0,100,2,1,5,2,2,5.0500002,13,.15000001,"free",10,8,1.11,1.01,2.23,4,2,,,,
8,4,0,1,0,1,0,0,0,0,0,,1,0,,25,4,4.8000002,,.15000001,"free",10.5,12,1.02,.91000003,2.28,2,1,1,1,110592,0
8,4,0,1,0,1,0,0,0,0,0,,2,,15,25,3,5.0500002,26,.33000001,"reduced",10,13,1.01,1.01,.94,2,2,,,,
9,1,0,1,0,1,0,0,0,0,0,35,1,2,12,40,4,4.3699999,26,.15000001,"reduced",7,16,1.04,.67000002,.85000002,4,4,1,1,110592,0
9,1,0,1,0,1,0,0,0,0,0,35,2,,0,32,4,5.0500002,26,.13,"reduced",7,16,1.11,.92000002,1.01,4,3,,,,
10,1,0,1,0,1,0,0,0,0,0,80,1,0,15,20,4,4.25,39,.17,"reduced",7,16,1.04,.85000002,.85000002,3,3,1,1,110592,0
10,1,0,1,0,1,0,0,0,0,0,80,2,,15,15,4,5.0500002,4,.28,"reduced",7,16,.94,.87,.94,3,2,,,,
11,1,0,1,0,1,0,0,0,0,0,80,1,2,10,30,4,4.25,26,.1,"reduced",7,16,1.09,.88999999,.91000003,3,3,1,1,111792,0
11,1,0,1,0,1,0,0,0,0,0,80,2,1,12,24,3,5.0500002,,,"reduced",7,16,1.05,.87,.94,3,2,,,,
12,1,0,1,0,1,0,0,0,0,0,100,1,0,6.5,23.5,3,4.3699999,9,.1,"reduced",7,16,1.05,.79000002,.91000003,3,3,1,1,111892,0
12,1,0,1,0,1,0,0,0,0,0,100,2,3,15,15,4,5.0500002,26,.25,"both",7,16,1.01,.92000002,.94,3,2,,,,
13,2,0,1,0,1,0,0,0,0,0,100,1,0,0,25,3,4.5,7,.25,"reduced",11,10,1.0599999,.94999999,2.6600001,5,4,1,1,111792,0
13,2,0,1,0,1,0,0,0,0,0,100,2,1,2,11,3,5,13,.25,"free",11,11,1.01,.94,2.75,4,3,,,,
14,2,0,1,0,1,0,0,0,0,0,0,1,0,10,8,2,5.1199999,6,.25,"both",11,11,1.0599999,.85000002,2.49,6,5,1,1,110592,1
14,2,0,1,0,1,0,0,0,0,0,0,2,,4,17,3,5.0500002,13,.25,"reduced",11,11,1.05,.94,2.5999999,6,3,,,,
15,3,0,1,0,1,0,0,0,0,1,95,1,3,3,25,4,4.5999999,9,.15000001,"reduced",6,17,1.02,.98000002,.94999999,5,4,2,1,121092,0
15,3,0,1,0,1,0,0,0,0,1,95,2,5,5,20,3,5.0500002,,.25,"reduced",6,17,1.05,1.01,2,3,3,,,,
16,3,0,1,0,1,0,0,0,0,0,50,1,0,6,22,4,4.5,13,.25,"reduced",6,17,1,1,,5,5,1,1,110592,0
16,3,0,1,0,1,0,0,0,0,0,50,2,,7,17,3,5.0500002,19,.25,"reduced",6,17,1.05,1.01,.94,5,5,,,,
17,3,0,1,0,1,0,0,0,0,0,60,1,0,0,20,4,4.3699999,13,.25,"reduced",6,17,1.0599999,1,2.02,6,5,1,1,111692,0
17,3,0,1,0,1,0,0,0,0,0,60,2,1,4,35,4,5.0500002,13,.2,"reduced",6,17,1.05,.94,.94999999,6,5,,,,
18,3,0,1,0,1,0,0,0,0,0,50,1,2,15,25,3,4.25,13,,"reduced",6,17,,,,4,4,1,1,110592,1
18,3,0,1,0,1,0,0,0,0,0,50,2,,8,38,5,5.0500002,,.25,"reduced",6,17,1.05,1,.63,7,7,,,,
19,1,0,1,1,0,0,0,0,0,0,50,1,3,4,31,4,4.25,4,.25,"reduced",6,16,1.05,.91000003,.93000001,3,3,1,1,110592,0
19,1,0,1,1,0,0,0,0,0,0,50,2,,6,44,5,5.0500002,52,.30000001,"reduced",6,16,1.04,.93000001,.94999999,2,2,,,,
21,2,0,1,1,0,0,0,0,0,0,90,1,0,5,12,3,4.4499998,6,.1,"reduced",10.5,10.5,1.0599999,.80000001,2.1300001,3,3,1,1,111492,0
21,2,0,1,1,0,0,0,0,0,0,90,2,1,0,11,2,5.0500002,,,"reduced",11,10,.94,.94,2.4300001,3,3,,,,
22,3,0,1,1,0,0,0,0,0,0,90,1,2,3,15,4,4.3499999,26,.12,"reduced",7,16,1.0599999,.83999997,.94999999,4,1,1,1,110592,0
22,3,0,1,1,0,0,0,0,0,0,90,2,,3,15,2,5.0500002,19,.13,"reduced",7,15,1.05,1.05,.94,4,4,,,,
23,1,0,1,0,0,1,0,0,0,0,75,1,2,0,25,3,4.5,26,.12,"reduced",7,16,1.0599999,.94999999,.94999999,3,2,1,1,111792,0
23,1,0,1,0,0,1,0,0,0,0,75,2,1,14,14,3,5.0500002,,,"free",6.5,16.5,1.05,.94,.94,3,2,,,,
24,1,0,1,0,1,0,0,0,0,1,40,1,2,15,15,4,4.75,13,.25,"reduced",7,16,1.0599999,.94999999,1.01,4,3,2,1,122192,0
24,1,0,1,0,1,0,0,0,0,1,40,2,3,15,20,4,5.0500002,52,.15000001,"reduced",,,1.05,.94,1,4,3,,,,
26,1,0,1,0,0,1,0,0,0,1,,1,3,30,15,4,5.5599999,6,,"reduced",7,16,1.0599999,.91000003,.98000002,4,2,1,1,111792,0
26,1,0,1,0,0,1,0,0,0,1,,2,2,10,20,4,5.0500002,,,"reduced",7,16,1.01,.94,.94,5,4,,,,
27,2,1,1,0,1,0,0,0,0,0,0,1,2,4,10,4,5,,.37,"free",11,10,1.0599999,.85000002,2.3399999,4,3,1,1,111292,0
27,2,1,1,0,1,0,0,0,0,0,0,2,,0,7,4,5.0500002,26,.25,"free",11,10,1.05,.83999997,2.53,4,3,,,,
28,2,0,1,0,0,1,0,0,0,0,10,1,6,0,14,1,4.5,,.25,"reduced",11,10,1.0599999,1.17,2.5599999,2,1,1,1,111892,0
28,2,0,1,0,0,1,0,0,0,0,10,2,3,6,2,3,,,,"free",11,10,,1.05,2.6400001,3,2,,,,
29,2,0,1,0,0,1,0,0,0,0,,1,3,0,7,2,4.5,4,.25,"reduced",11,11,1.0599999,1.01,2.5599999,3,2,1,1,111292,0
29,2,0,1,0,0,1,0,0,0,0,,2,,0,13,3,5.0500002,26,.25,"free",11,11,1.05,1.05,2.6400001,3,3,,,,
30,2,0,1,0,0,1,0,0,0,0,0,1,4,6,4,2,5,13,.37,"free",11,10,1.0599999,1.0599999,2.53,2,2,1,1,111292,1
30,2,0,1,0,0,1,0,0,0,0,0,2,,4,3,2,5.0500002,19,.25,"free",11,10,.94,.92000002,2.6900001,2,2,,,,
31,2,0,1,0,1,0,0,0,0,0,0,1,2,4,16,3,5.25,13,.15000001,"reduced",11,11,1.03,1.0599999,2.5599999,4,3,1,1,111492,0
31,2,0,1,0,1,0,0,0,0,0,0,2,3,6,15,5,5.0500002,26,.25,"free",10.5,12.5,1,1.05,2.6400001,4,4,,,,
32,3,0,1,0,0,1,0,0,0,0,40,1,0,10,20.5,3,4.5,26,.25,"reduced",10.5,11.5,1.12,1.02,1.0599999,4,3,1,1,111792,0
32,3,0,1,0,0,1,0,0,0,0,40,2,1,2,25,3,5.0500002,26,.23,"reduced",10.5,11.5,1.22,1.11,2.28,4,4,,,,
33,3,0,1,0,0,1,0,0,0,0,7,1,0,12,20,4,5,26,.25,"reduced",6,17,1.02,1.0700001,.94999999,5,4,1,1,111392,0
33,3,0,1,0,0,1,0,0,0,0,7,2,,6,11,5,5.0500002,,.2,"reduced",6,17,1.11,1.0599999,1.05,4,2,,,,
34,3,1,1,0,0,1,0,0,0,0,75,1,0,5,15,3,4.9499998,26,,"reduced",10.5,11.5,1.12,1.02,1.0599999,5,3,1,1,111392,0
34,3,1,1,0,0,1,0,0,0,0,75,2,,11,7,3,5.0500002,26,.5,"reduced",10.5,11.5,1.22,1.11,.73000002,5,2,,,,
35,4,0,1,0,0,1,0,0,0,1,,1,2,25,6.5,4,4.5,9,.25,"reduced",10.5,11.5,.95999998,.94999999,2.1300001,2,2,1,1,111992,0
35,4,0,1,0,0,1,0,0,0,1,,2,6,13,18,3,5.0500002,13,.25,"reduced",10.5,11.5,1.03,,,2,2,,,,
36,4,0,1,0,1,0,0,0,0,1,0,1,0,8,12,4,5.5,30,.17,"reduced",10.5,13,1.02,.91000003,2.5699999,2,2,1,1,111492,1
36,4,0,1,0,1,0,0,0,0,1,0,2,,10,35,6,5.0500002,26,.15000001,"reduced",10.5,12.5,.94999999,.88999999,1.1900001,2,2,,,,
37,1,0,2,0,0,0,1,0,0,0,33,1,2,21,9,7,4.25,4,.25,"reduced",6.5,16.5,.98000002,.83999997,.83999997,5,3,1,1,111092,0
37,1,0,2,0,0,0,1,0,0,0,33,2,,6,25,7,4.25,52,.18000001,"reduced",6.5,16.5,.98000002,.83999997,.86000001,6,3,,,,
38,1,0,1,0,1,0,0,0,0,0,100,1,0,15,20,5,4.25,17,.15000001,"reduced",6,17,1.05,.94999999,.98000002,3,2,1,1,111092,0
38,1,0,1,0,1,0,0,0,0,0,100,2,,10,20,6,5.0500002,,.25,"both",6.5,17.5,.98000002,.81999999,.75999999,3,2,,,,
39,1,0,2,0,0,0,1,0,0,0,100,1,0,1,32,2,4.25,8,,"reduced",6.5,17.5,1.03,.73000002,.51999998,4,2,1,1,111792,0
39,1,0,2,0,0,0,1,0,0,0,100,2,,5,15,3,,,,"reduced",6.5,16.5,1.05,,.63,4,2,,,,
40,1,0,2,0,0,0,1,0,0,0,100,1,0,10,20,7,4.25,4,.15000001,"reduced",6.5,16.5,.98000002,.81999999,.80000001,3,3,1,1,111092,0
40,1,0,2,0,0,0,1,0,0,0,100,2,,7,25,6,4.25,8,.13,"reduced",6.5,17.5,.98000002,.81999999,.87,3,2,,,,
41,1,0,2,0,0,0,1,0,0,0,100,1,0,0,27,6,4.25,18,.2,"reduced",6.5,16.5,.98000002,.81999999,.85000002,3,3,1,1,111892,0
41,1,0,2,0,0,0,1,0,0,0,100,2,2,0,42,6,4.25,,,"reduced",6.5,17.5,.94,.77999997,.91000003,3,2,,,,
42,1,0,2,0,0,0,1,0,0,0,100,1,2,17,4,5,4.5,,,"reduced",6.5,16.5,.98000002,.82999998,.86000001,3,3,1,1,111792,0
42,1,0,2,0,0,0,1,0,0,0,100,2,1,0,22,5,4.25,26,.25,"reduced",6.5,16.5,.94,,,3,2,,,,
45,1,0,2,0,0,0,1,0,0,0,25,1,0,0,24,6,4.25,2,.25,"reduced",7,16,.98000002,.82999998,.86000001,3,3,1,1,111092,0
45,1,0,2,0,0,0,1,0,0,0,25,2,,11,12,2,4.25,26,.15000001,"both",6.5,17.5,.98000002,.75,.86000001,3,3,,,,
46,1,0,2,0,0,0,1,0,0,1,,1,0,30,15,3,,19,,"reduced",6.5,16.5,1.03,1.03,.51999998,3,3,1,1,111792,1
46,1,0,2,0,0,0,1,0,0,1,,2,1,3.5,35,3,4.3000002,26,.079999998,"reduced",6.5,16.5,1.03,,.94,4,4,,,,
47,1,0,2,0,0,0,1,0,0,0,75,1,2,25,15,,4.5,4,.17,"reduced",6,17,1.05,.86000001,.86000001,3,3,1,1,111092,0
47,1,0,2,0,0,0,1,0,0,0,75,2,,0,45,2,4.25,,,"reduced",6,18,1.05,.86000001,.86000001,3,,,,,
48,1,0,2,0,0,0,1,0,0,1,31,1,0,6,20,3,4.25,13,.2,"both",7,14,1.01,.83999997,.63,4,3,1,1,111092,1
48,1,0,2,0,0,0,1,0,0,1,31,2,,7.5,25,5,4.3800001,13,.25,"both",7,14,.98000002,.79000002,.87,4,3,,,,
49,2,0,2,0,0,0,1,0,0,0,,1,0,6.5,6.5,4,,26,,"reduced",10,13,1.01,.89999998,2.3499999,4,3,1,1,111292,0
49,2,0,2,0,0,0,1,0,0,0,,2,,0,15,4,4.4499998,13,.050000001,"reduced",10,13,1.01,.88999999,2.3499999,4,4,,,,
50,2,0,2,0,0,0,1,0,0,0,20,1,0,6,10,3,4.5,13,,"reduced",10,12,1.01,.88999999,3.5,4,3,1,1,111292,0
50,2,0,2,0,0,0,1,0,0,0,20,2,,4,20,3,4.75,13,.1,"reduced",10,13,1.01,.88999999,2.3499999,4,3,,,,
51,2,0,2,0,0,0,1,0,0,0,100,1,1,0,15,3,4.25,,.15000001,"reduced",10,13,1.01,.88999999,2.3499999,4,3,1,1,111792,0
51,2,0,2,0,0,0,1,0,0,0,100,2,2,6,15,3,4.25,,,"reduced",10,13,1,.88999999,2.3499999,5,3,,,,
56,4,1,2,0,0,0,1,0,0,1,0,1,0,20,20,4,5,26,.1,"reduced",10,12,.87,.81999999,1.79,2,2,1,1,111492,0
56,4,1,2,0,0,0,1,0,0,1,0,2,,0,36,2,5.25,26,.15000001,"reduced",10,12,.92000002,.79000002,.87,2,2,,,,
57,4,1,2,0,0,0,1,0,0,1,70,1,0,30,10,3,4.6700001,26,.07,"reduced",10,12,.87,.79000002,.89999998,2,2,1,1,111492,1
57,4,1,2,0,0,0,1,0,0,1,70,2,1,7,18,4,4.5,26,.13,"reduced",10,12,1.01,.77999997,.89999998,2,2,,,,
58,4,1,2,0,0,0,1,0,0,0,80,1,2,8,25,3,4.75,26,.15000001,"reduced",10,12,.87,.76999998,1.01,2,2,1,1,111492,1
58,4,1,2,0,0,0,1,0,0,0,80,2,2,0,28,4,4.5,26,.079999998,"reduced",10,12,1.04,.83999997,.94,2,2,,,,
59,4,0,2,0,0,0,1,0,0,0,90,1,3,0,15,3,4.25,26,.1,"free",7.5,10.5,.91000003,.88999999,.81,2,2,1,1,111492,0
59,4,0,2,0,0,0,1,0,0,0,90,2,1,0,16,4,4.25,26,.1,"free",7.5,10.5,1.01,.83999997,.86000001,2,2,,,,
60,4,0,2,0,0,0,1,0,0,0,75,1,0,10,20,5,4.25,4,.1,"free",10.5,11.5,.94,.74000001,.86000001,2,2,1,1,111792,0
60,4,0,2,0,0,0,1,0,0,0,75,2,2,10,20,5,4.25,4,.25,"free",10,12,.98000002,.83999997,.86000001,2,2,,,,
61,4,1,2,0,0,0,1,0,0,1,0,1,0,6,26,5,5.5,52,.15000001,"both",10,12,.87,.76999998,1.65,2,2,1,1,111492,0
61,4,1,2,0,0,0,1,0,0,1,0,2,,28,3,6,4.75,13,.15000001,"reduced",10,12,1.01,.83999997,.94999999,2,2,,,,
62,4,1,2,0,0,0,1,0,0,0,45,1,2,0,31,5,5,26,.07,"reduced",10,12,.87,.76999998,.94999999,2,2,1,1,111492,0
62,4,1,2,0,0,0,1,0,0,0,45,2,,,,,,26,,"reduced",10,12,,.83999997,1.79,3,3,,,,
63,1,1,1,0,0,1,0,0,0,0,75,1,1,26,6,,4.25,26,,"reduced",6,18,1.1,.97000003,1.17,4,3,1,1,111792,0
63,1,1,1,0,0,1,0,0,0,0,75,2,1,15,10,4,5.0500002,26,.1,"reduced",7,18,1.11,1.01,1.09,4,3,,,,
64,1,0,1,0,0,1,0,0,0,0,60,1,1,20,15,3,4.5,26,.2,"both",7,16,1.0599999,.94999999,.94999999,3,2,1,1,111092,0
64,1,0,1,0,0,1,0,0,0,0,60,2,,13,13,3,5.0500002,26,.25,"reduced",7,16,1.05,.94999999,.94999999,3,3,,,,
65,1,0,1,0,0,1,0,0,0,0,90,1,5,0,20,4,4.8000002,52,.25,"reduced",6.5,15.5,1.0599999,.85000002,1.11,3,3,2,2,121592,
65,1,0,1,0,0,1,0,0,0,0,90,2,3,,,3,5.0500002,,,,,,,,,,,,,,
66,1,0,1,0,0,1,0,0,0,0,20,1,0,15,18,3,4.25,26,.15000001,"reduced",7,17,1.0599999,.94999999,.94999999,3,2,1,1,111092,1
66,1,0,1,0,0,1,0,0,0,0,20,2,,26,10,4,5.0500002,26,.25,"free",7,17,1.05,.94999999,.94999999,3,3,,,,
67,1,0,1,0,0,1,0,0,0,0,55,1,0,5,15,6,4.5,13,.25,"free",8,13.5,1.17,1.0599999,1.17,3,2,1,1,111092,0
67,1,0,1,0,0,1,0,0,0,0,55,2,,4,17.5,5,5.0500002,,,"free",8,13.5,1.3200001,1.05,1.22,3,3,,,,
68,1,0,1,0,0,1,0,0,0,0,,1,1,30,10,3,4.25,14,.050000001,"both",7,17,1.0700001,1.02,1.02,3,3,1,1,111092,0
68,1,0,1,0,0,1,0,0,0,0,,2,,13,17,3,5.0500002,13,.28,"both",7,17,1.05,.94999999,.94999999,3,1,,,,
69,1,0,1,0,0,1,0,0,0,0,100,1,0,0,27,3,4.25,13,.22,"reduced",7,18,1.17,.94999999,.94999999,4,2,1,1,111792,0
69,1,0,1,0,0,1,0,0,0,0,100,2,,0,27,3,5.0500002,13,.2,"reduced",7,18,1.26,1.01,1,4,2,,,,
70,1,0,1,0,0,1,0,0,0,0,50,1,0,35,20,5,4.5,13,.27000001,"free",7,16,1.0599999,.94999999,1.02,3,3,1,1,111092,
70,1,0,1,0,0,1,0,0,0,0,50,2,,10,30,5,5.0500002,4,.23,"free",7,16,1.05,.94999999,1.01,3,3,,,,
71,1,0,1,0,0,1,0,0,0,0,100,1,1,0,35,3,4.75,13,.25,"both",7,17,1.0599999,.94999999,.94999999,3,2,1,1,111692,1
71,1,0,1,0,0,1,0,0,0,0,100,2,,29,14,3,5.0500002,26,.18000001,"both",7,17,1.05,.94999999,.94999999,3,2,,,,
73,2,0,1,0,0,1,0,0,0,0,40,1,1,0,7,3,4.25,,.75,"both",11,12,1.0599999,1.0599999,2.45,3,2,1,1,111792,0
73,2,0,1,0,0,1,0,0,0,0,40,2,2,14,0,3,5.0500002,4,.050000001,"reduced",11,11,1.05,1.05,2.4300001,3,,,,,
75,2,0,1,0,0,1,0,0,0,0,0,1,0,3,15,3,4.25,4,.25,"reduced",11,11,1.17,1.27,2.77,3,3,1,1,111292,1
75,2,0,1,0,0,1,0,0,0,0,0,2,,4,11,3,5.0500002,6,.25,"reduced",11,11,1.16,1.16,2.75,3,3,,,,
76,3,1,1,0,0,1,0,0,0,0,50,1,0,8,32,4,4.25,26,.2,"reduced",6,17,1.12,1.02,1.02,6,3,1,1,111392,1
76,3,1,1,0,0,1,0,0,0,0,50,2,,25,15,6,5.0500002,13,.15000001,"reduced",6.5,16.5,1.11,1.0599999,1.05,6,3,,,,
77,3,0,1,0,0,1,0,0,0,0,100,1,0,6,50,4,5,4,.15000001,"reduced",6,19,1.1799999,1.0700001,1.17,6,5,1,1,111992,0
77,3,0,1,0,0,1,0,0,0,0,100,2,4,4,60,3,5.0500002,52,.15000001,"reduced",6,19,1.0599999,1.0599999,1.05,6,2,,,,
78,3,1,1,0,0,1,0,0,0,0,0,1,0,13,10,3,5,26,.15000001,"reduced",6,17,1.12,1.02,1.02,4,2,1,1,111392,0
78,3,1,1,0,0,1,0,0,0,0,0,2,,10,12,2,5.0500002,26,.1,"reduced",7,16,1.11,1.01,1.05,5,3,,,,
79,3,1,1,0,0,1,0,0,0,0,30,1,4,6,25,3,4.5,26,.15000001,"reduced",6,17,1.17,1.02,1.0599999,5,4,1,1,111392,0
79,3,1,1,0,0,1,0,0,0,0,30,2,,8,18,3,5.0500002,41,.13,"reduced",7,16,1.11,1.0599999,1.05,5,4,,,,
80,4,0,1,0,0,1,0,0,0,0,90,1,1,4.5,20,,4.25,26,.25,"reduced",10.5,11.5,1.0599999,.98000002,1.0599999,2,2,1,1,111492,0
80,4,0,1,0,0,1,0,0,0,0,90,2,2,11,14,3,5.0500002,13,.1,"reduced",10.5,12.5,1.12,.98000002,.99000001,2,1,,,,
81,4,0,1,0,0,1,0,0,0,0,95,1,4,25,13,3,5,26,.1,"reduced",10,12,1.0599999,.98000002,1.0599999,2,2,2,1,121592,1
81,4,0,1,0,0,1,0,0,0,0,95,2,3,0,45,4,5.0500002,,,"reduced",10.5,11.5,1.11,.98000002,2.0699999,2,1,,,,
82,4,0,1,0,0,1,0,0,0,1,0,1,6,8,14.5,3,5,13,.37,"reduced",10.5,13.5,1.0599999,1.03,1.0599999,2,2,1,1,111492,1
82,4,0,1,0,0,1,0,0,0,1,0,2,,25,8,4,5.0500002,13,.18000001,"reduced",10.5,13.5,1.11,.98000002,1.05,2,2,,,,
83,4,0,1,0,0,1,0,0,0,0,11,1,2,12.5,20,2,5,13,.25,"reduced",10.5,13.5,1.0599999,.98000002,2.1300001,2,2,1,1,111792,0
83,4,0,1,0,0,1,0,0,0,0,11,2,2,,,4,5.0500002,26,.5,"reduced",10,14,1.11,.88999999,.99000001,2,2,,,,
84,1,0,1,0,1,0,0,0,0,0,50,1,3,4,30,5,4.5,26,.15000001,"reduced",7,16,1.04,.85000002,.91000003,4,2,1,1,111692,0
84,1,0,1,0,1,0,0,0,0,0,50,2,,12,30,5,5.0500002,52,.2,"reduced",7,16,1.05,.89999998,.94,3,3,,,,
85,1,0,1,0,1,0,0,0,1,0,1,1,3,7,20,3,5.5,26,.51999998,"free",9,12.5,1.12,1.02,1.02,5,4,1,1,111692,0
85,1,0,1,0,1,0,0,0,1,0,1,2,,0,35,3,5.0500002,26,.18000001,"free",9,12.5,1.11,1.01,1.05,5,1,,,,
86,1,0,1,0,1,0,0,0,0,0,,1,1,11,11,4,4.25,13,.25,"both",7,15,1.0599999,.94,1.1,3,3,1,1,111092,0
86,1,0,1,0,1,0,0,0,0,0,,2,,9,12,4,5.0500002,4,.13,"both",7,15,1.05,1.05,1.04,3,3,,,,
87,1,0,1,0,1,0,0,0,1,0,,1,0,0,15,,4.5,26,,"reduced",7,15,1.0599999,.86000001,1.02,3,3,1,1,111092,0
87,1,0,1,0,1,0,0,0,1,0,,2,,0,30,5,5.0500002,41,.18000001,"both",7,15,1,.99000001,1.04,3,3,,,,
88,1,0,1,1,0,0,0,0,0,1,75,1,0,3,35,3,4.25,,,"both",7,15,1.0599999,.87,.91000003,5,5,2,1,121892,0
88,1,0,1,1,0,0,0,0,0,1,75,2,2,4,37,4,5.0500002,42,.18000001,"reduced",7,15,1.05,.87,.94,5,2,,,,
89,1,1,1,0,1,0,0,0,0,0,0,1,2,10,6,3,5,13,.17,"reduced",7,16,1.09,.94999999,1.04,3,2,1,1,111092,0
89,1,1,1,0,1,0,0,0,0,0,0,2,,6,25,6,5.5,4,.63,"reduced",7,16,1.11,1.01,1.05,3,3,,,,
91,1,1,1,0,1,0,0,0,1,0,100,1,2,8,22,4,4.25,8,.15000001,"reduced",7,17,1.09,.93000001,1.04,3,3,1,1,111792,0
91,1,1,1,0,1,0,0,0,1,0,100,2,1,0,30,4,5.0500002,26,.18000001,"free",7,17,1.11,1.05,1.05,3,3,,,,
92,1,1,1,0,1,0,0,0,1,0,100,1,0,4,18,4,4.25,13,.75,"reduced",7,15,1.09,.94999999,1.03,3,3,1,1,111092,0
92,1,1,1,0,1,0,0,0,1,0,100,2,,14,6,3,5.0500002,,.25,"reduced",7,15,1.11,1.01,1.05,3,3,,,,
93,1,1,1,0,0,1,0,0,0,0,90,1,0,2.5,30,3,4.25,52,.15000001,"reduced",7,16,,,.95999998,,,1,1,111092,0
93,1,1,1,0,0,1,0,0,0,0,90,2,,5,25,5,5.0500002,13,.15000001,"reduced",7,16,1.11,1.05,1.05,4,3,,,,
94,2,0,1,0,1,0,0,0,0,0,0,1,2,0,25,5,5,26,.25,"both",11,10,1.0599999,.80000001,2.5599999,,,1,1,111292,0
94,2,0,1,0,1,0,0,0,0,0,0,2,,2,20,4,5.0500002,52,.25,"free",11,10,1.05,.79000002,2.53,3,,,,,
95,2,0,1,0,1,0,0,0,0,0,40,1,1,18,3,4,4.25,26,.27000001,"free",11,10,1.0599999,.80000001,2.5599999,4,3,1,1,111292,0
95,2,0,1,0,1,0,0,0,0,0,40,2,,0,14,3,5.0500002,13,.25,"free",11,10,1.05,.75,2.53,3,3,,,,
96,2,0,1,0,0,1,0,0,0,0,80,1,2,0,15,2,4.25,26,.12,"reduced",11.5,10,1.0599999,1.01,2.6600001,3,2,1,1,111892,0
96,2,0,1,0,0,1,0,0,0,0,80,2,3,0,15,5,5.0500002,26,.15000001,"reduced",11.5,10.5,1.05,.94,2.5899999,4,0,,,,
97,2,0,1,0,1,0,0,0,0,1,58,1,2,0,12,4,4.25,13,.25,"reduced",11,10,1.02,.75,2.5599999,3,2,1,1,111292,0
97,2,0,1,0,1,0,0,0,0,1,58,2,,2.5,11,3,5.0500002,13,.30000001,"reduced",11,10,1.05,.80000001,2.54,3,2,,,,
98,2,0,1,0,1,0,0,0,1,0,80,1,0,0,20,4,4.25,13,.40000001,"both",11,10,1.0599999,.80000001,2.5599999,3,3,1,1,111292,0
98,2,0,1,0,1,0,0,0,1,0,80,2,,3,13,3,5.0500002,13,.44999999,"free",11,10,1.05,.89999998,2.53,3,3,,,,
99,3,1,1,0,1,0,0,0,1,0,50,1,0,60,40,5,4.75,26,.15000001,"reduced",0,24,1.23,,2.3,8,6,2,1,121892,1
99,3,1,1,0,1,0,0,0,1,0,50,2,6,30,50,4,5.0500002,15,.25,"reduced",0,24,1.22,1.17,2.3199999,5,2,,,,
101,3,0,1,0,1,0,0,0,1,0,80,1,3,4.5,15,3,4.75,26,.15000001,"reduced",7,15,1.2,1.1799999,1.0599999,6,4,1,1,111392,0
101,3,0,1,0,1,0,0,0,1,0,80,2,,10,12,3,5.0500002,26,.15000001,"reduced",7,15,1.15,1.1,1.05,8,3,,,,
102,3,0,1,1,0,0,0,0,0,0,15,1,2,12,13,3,4.4000001,52,.2,"reduced",7,16,1.0599999,.91000003,1.0700001,6,4,1,1,111392,0
102,3,0,1,1,0,0,0,0,0,0,15,2,,0,27,2,5.0500002,52,.25,"reduced",7,15,1.0700001,1.01,1.05,5,5,,,,
103,4,0,1,0,0,1,0,0,0,0,50,1,2,12.5,10,3,5,26,.27000001,"reduced",10.5,11.5,.91000003,.85000002,.94999999,2,2,1,1,111492,0
103,4,0,1,0,0,1,0,0,0,0,50,2,2,,,2,5.0500002,13,,"reduced",10.5,12.5,1.05,.83999997,1.26,2,2,,,,
104,4,0,1,0,1,0,0,0,1,1,50,1,0,40,20,3,4.6199999,4,.31999999,"reduced",10.5,11.5,.94999999,.83999997,.94,2,2,1,1,111492,1
104,4,0,1,0,1,0,0,0,1,1,50,2,1,11,10,3,5.0500002,26,.079999998,"reduced",10.5,12.5,1,.83999997,.94,2,2,,,,
105,1,0,1,0,0,1,0,0,0,0,50,1,2,0,40,4,4.25,10,,"reduced",6.5,16.5,.95999998,1,1.03,4,2,1,1,111092,0
105,1,0,1,0,0,1,0,0,0,0,50,2,,0,45,4,5.0500002,13,.25,"reduced",6.5,16.5,1.05,.99000001,1.16,4,3,,,,
106,1,0,1,0,0,1,0,0,0,0,65,1,0,0,35,3,4.25,26,.27000001,"both",7,16,1.0599999,.94999999,.94999999,2,1,1,1,111092,0
106,1,0,1,0,0,1,0,0,0,0,65,2,,2,25,3,5.0500002,26,.2,"none",7,16,1.05,.94999999,.94999999,2,2,,,,
107,1,1,1,0,0,1,0,0,0,0,40,1,0,6,11,3,4.25,8,.31999999,"free",8,14.5,1.17,.94999999,.94999999,3,3,2,1,123092,0
107,1,1,1,0,0,1,0,0,0,0,40,2,9,13.5,10,2,5.0500002,,,"free",8,14,,1.01,1,4,2,,,,
108,1,0,1,0,0,1,0,0,0,1,6,1,2,13.5,15,4,4.25,26,.37,"free",7,17,1.27,1.01,1.0599999,3,3,1,1,111692,0
108,1,0,1,0,0,1,0,0,0,1,6,2,,11,24,5,5.0500002,26,.15000001,"free",7,17,1.37,1.02,1.05,3,3,,,,
111,3,0,1,0,0,1,0,0,0,0,55,1,0,17,14,3,4.25,2,.41999999,"both",7,16,1.17,1.0599999,1.01,5,5,1,1,111892,0
111,3,0,1,0,0,1,0,0,0,0,55,2,1,20,14.5,3,5.0500002,26,,"reduced",7,16,1.16,1.16,1,5,4,,,,
112,4,0,1,0,0,1,0,0,0,0,80,1,0,4,26,3,5,13,.2,"reduced",10,14,1.0599999,.98000002,1.0599999,2,2,2,1,121392,0
112,4,0,1,0,0,1,0,0,0,0,80,2,9,5,25,6,5.0500002,28,.18000001,"reduced",10.5,12.5,1.11,1.09,2.0699999,,,,,,
113,1,0,1,0,1,0,0,0,0,1,,1,0,0,22,4,,,,"reduced",7,16,1.0599999,.94999999,1,4,,1,1,111092,1
113,1,0,1,0,1,0,0,0,0,1,,2,,2,40,5,5.0500002,26,.28,"reduced",7,16,1.05,.89999998,.98000002,3,2,,,,
114,1,0,1,0,1,0,0,0,0,1,50,1,2,0,35,5,4.75,26,.56999999,"reduced",7,16,1.0700001,.94999999,.94999999,3,,1,1,111792,0
114,1,0,1,0,1,0,0,0,0,1,50,2,1,20,40,4,5.25,26,.25,"reduced",6.5,16.5,1.11,.94,.94,3,3,,,,
115,1,0,1,0,1,0,0,0,0,0,25,1,0,20,25,4,4.75,4,.30000001,"free",7,17,1.0599999,.94999999,1.0599999,4,3,1,1,111092,
115,1,0,1,0,1,0,0,0,0,0,25,2,,6,15,4,5.0500002,,,"free",7,17,1.05,.94999999,1.01,4,4,,,,
116,1,0,1,0,1,0,0,0,0,0,90,1,0,4,22.5,2,4.25,18,.37,"reduced",8.5,13,1.49,1.02,1.11,7,3,1,1,111092,1
116,1,0,1,0,1,0,0,0,0,0,90,2,,22,12,3,5.0500002,13,.44999999,"reduced",8.5,13,1.39,.94999999,1.21,8,2,,,,
118,1,0,1,0,0,1,0,0,0,0,70,1,3,10,15,4,4.25,26,.15000001,"reduced",7,15,1.0599999,.94999999,1.01,4,2,1,1,111692,0
118,1,0,1,0,0,1,0,0,0,0,70,2,,18,20,3,5.0500002,26,.38,"reduced",7,15,1.05,.94,1,4,2,,,,
119,1,0,1,0,0,1,0,0,0,1,50,1,2,12,19,3,4.75,13,.27000001,"both",6.5,16.5,1.0599999,.91000003,.94999999,3,3,1,1,111692,0
119,1,0,1,0,0,1,0,0,0,1,50,2,1,18,13,4,5.0500002,26,,"both",6.5,17.5,1.05,.88999999,.94999999,3,3,,,,
120,1,1,1,0,1,0,0,0,0,0,,1,3,0,32,3,4.5,,,"reduced",7,16,1.13,.98000002,1.04,3,2,1,1,111992,0
120,1,1,1,0,1,0,0,0,0,0,,2,3,0,30,4,5.0500002,,,"reduced",7,16,1.05,1.05,1.05,3,2,,,,
122,1,0,1,0,0,1,0,0,0,0,70,1,0,1,38,5,4.25,4,.2,"free",9,12.5,,1.12,1.12,5,3,1,1,111092,0
122,1,0,1,0,0,1,0,0,0,0,70,2,,10,50,6,5.0500002,26,.1,"free",9,12.5,1.15,.94,1.15,6,4,,,,
123,1,0,1,0,1,0,0,0,0,0,28,1,0,0,20,5,,13,,"reduced",7,14.5,1.0599999,.94999999,1.01,2,1,1,1,111092,0
123,1,0,1,0,1,0,0,0,0,0,28,2,,5,25,4,5.0500002,26,.15000001,"both",7.5,14,1.05,.94,1,3,2,,,,
124,1,0,1,0,1,0,0,0,0,0,14,1,1,8,10,3,4.25,13,.25,"reduced",8,15,1.0599999,.91000003,1.04,2,2,1,1,111092,1
124,1,0,1,0,1,0,0,0,0,0,14,2,,21,6,4,5.0500002,13,.5,"both",7,15,1.16,.94,1.12,2,2,,,,
125,2,0,1,0,1,0,0,0,0,0,100,1,0,15,0,4,4.5,26,.25,"free",10,12.5,.91000003,.85000002,2.3399999,3,2,1,1,111492,0
125,2,0,1,0,1,0,0,0,0,0,100,2,,0,15,2,5.0500002,52,.40000001,"free",10,12,1.01,1.01,2.49,4,3,,,,
128,2,1,1,0,1,0,0,0,0,0,,1,3,6.5,7.5,2,5,,.15000001,"reduced",11,11,1.0599999,.85000002,2.3399999,4,2,1,1,111492,0
128,2,1,1,0,1,0,0,0,0,0,,2,1,3,16,2,5.0500002,26,.25,"free",11,11,1.05,.79000002,2.3199999,3,2,,,,
129,3,0,1,0,1,0,0,0,0,0,0,1,3,20,20,3,5.25,26,.050000001,"reduced",6,16,1.1,1,.74000001,6,4,1,1,111392,0
129,3,0,1,0,1,0,0,0,0,0,0,2,,7,18,4,5.0500002,52,.25,"reduced",6,16,1.11,1,.88999999,4,3,,,,
130,3,1,1,0,1,0,0,0,0,0,15,1,2,7,25.5,3,4.5,19,.30000001,"reduced",5,18,1.12,1.0700001,1,4,3,2,1,122192,0
130,3,1,1,0,1,0,0,0,0,0,15,2,6,2,38,4,5.0500002,4,.15000001,"reduced",7,16,1.11,1.0599999,1.05,5,3,,,,
131,3,0,1,0,1,0,0,0,0,1,10,1,2,15,25,4,5.5,4,.37,"reduced",6,17,1.0599999,1.0599999,1.0599999,5,2,2,1,121692,0
131,3,0,1,0,1,0,0,0,0,1,10,2,2,8,22,3,5.0500002,,,"reduced",7,15,1.05,1.11,1.05,5,4,,,,
132,3,1,1,0,1,0,0,0,0,0,80,1,0,20,20,5,4.5,26,.25,"reduced",0,24,1.28,1.0599999,2.3,5,3,1,1,111692,0
132,3,1,1,0,1,0,0,0,0,0,80,2,,15,20,3,5.5,52,.25,"reduced",7,14,,,,2,2,,,,
133,3,1,1,0,1,0,0,0,0,0,99,1,0,6,16,2,4.75,26,,"reduced",6,17,1.12,1.0700001,1.0599999,4,3,1,1,111392,0
133,3,1,1,0,1,0,0,0,0,0,99,2,,3,20,3,5.0500002,26,,"reduced",7,15,1.11,1.0599999,2.1099999,5,3,,,,
134,3,0,1,0,1,0,0,0,0,0,42,1,2,5.5,25,3,4.6199999,,,"reduced",6,16,1.09,,.94999999,4,3,1,1,111392,0
134,3,0,1,0,1,0,0,0,0,0,42,2,,6,27.5,3,5.0500002,52,.25,"reduced",6,16,1.11,1.0599999,.94,4,3,,,,
135,3,0,1,0,1,0,0,0,0,0,,1,0,10,20,4,,26,,"none",9,12.5,,,,5,3,1,1,111692,0
135,3,0,1,0,1,0,0,0,0,0,,2,,8,24,3,5.0500002,,.25,"reduced",10,11.5,1.16,1.0599999,1.05,5,3,,,,
136,3,1,1,0,1,0,0,0,0,0,5,1,2,14.5,14.5,5,4.25,21,.27000001,"reduced",6,17,1.12,1.0700001,1.1,5,4,2,0,121692,
136,3,1,1,0,1,0,0,0,0,0,5,2,3,,,,,,,,7,16,,,,,,,,,
137,3,1,1,0,0,1,0,0,0,0,50,1,3,15,25,3,4.25,26,.15000001,"reduced",6,16,1.12,1.0599999,1.02,6,4,1,1,111692,0
137,3,1,1,0,0,1,0,0,0,0,50,2,1,12,30,5,5.0500002,26,.25,"reduced",7,15,1.11,1.11,1.05,5,3,,,,
138,3,1,1,0,0,1,0,0,0,1,,1,0,4.5,25.5,2,,,,"reduced",10,11.5,1.12,1.0700001,1.0599999,6,,1,1,111692,0
138,3,1,1,0,0,1,0,0,0,1,,2,,2,33,3,5.0500002,26,.2,"reduced",10,11.5,1.21,1.01,.94,6,4,,,,
139,4,0,1,0,1,0,0,0,0,0,,1,0,,,2,5.5,,,"reduced",10.5,12.5,.94999999,.94999999,1.0599999,2,1,1,1,111492,1
139,4,0,1,0,1,0,0,0,0,0,,2,,11,25,5,5.5,19,.25,"reduced",11,12,,,,,,,,,
140,4,0,1,0,1,0,0,0,0,1,25,1,0,0,40,3,4.5,26,.37,"reduced",10.5,11.5,.91000003,.86000001,1.0599999,2,2,1,1,111492,1
140,4,0,1,0,1,0,0,0,0,1,25,2,,5,35,5,5.6700001,4,.25,"reduced",10.5,11.5,1,.94,1.05,2,2,,,,
141,4,0,1,0,1,0,0,0,0,1,,1,0,10,15,4,4.75,13,.27000001,"reduced",10.5,12.5,1.02,.91000003,1.0599999,2,2,1,1,111892,1
141,4,0,1,0,1,0,0,0,0,1,,2,2,10,25,3,5.0500002,13,.18000001,"reduced",10.5,12.5,1.05,.83999997,1.34,2,2,,,,
142,4,0,1,0,0,1,0,0,0,1,,1,0,15,35,4,4.25,26,.15000001,"reduced",10,11.5,1.0599999,.94999999,1.0599999,2,2,1,1,111492,0
142,4,0,1,0,0,1,0,0,0,1,,2,,40,31,5,5.0500002,26,.18000001,"reduced",10,11.5,1.01,.88999999,1.26,2,2,,,,
143,4,0,1,0,1,0,0,0,0,1,15,1,3,0,30,3,5.3699999,26,.25,"reduced",10.5,11.5,.94999999,.94999999,1.0599999,2,2,2,4,121692,
143,4,0,1,0,1,0,0,0,0,1,15,2,2,,,,,,,,,,,,,,,,,,
144,4,0,1,0,1,0,0,0,0,1,0,1,2,10,30,3,5.0500002,26,.15000001,"reduced",10.5,12.5,.91000003,.85000002,1.0599999,2,2,1,1,111792,1
144,4,0,1,0,1,0,0,0,0,1,0,2,1,4,37,3,5.0500002,26,.34999999,"reduced",10.5,12.5,.94,.94,1.26,2,2,,,,
145,1,0,1,0,0,1,0,0,0,1,0,1,0,5,17,3,5,13,.15000001,"reduced",7,16,1.0599999,.94999999,.94999999,3,2,1,1,111092,1
145,1,0,1,0,0,1,0,0,0,1,0,2,,10,8,4,5.2800002,26,.13,"reduced",7,16,1.05,.95999998,.94999999,3,2,,,,
146,1,0,1,0,0,1,0,0,0,1,,1,3,8,20,5,4.8000002,26,.25,"reduced",7,16,1.0599999,1,1.0599999,4,3,1,1,111092,0
146,1,0,1,0,0,1,0,0,0,1,,2,,0,32,4.5,5.0500002,26,.17,"reduced",7,16,1.05,.99000001,1.05,4,3,,,,
147,1,0,1,0,0,1,0,0,0,0,100,1,0,8.5,6.5,3,5.1199999,8,.25,"reduced",7,14,1.12,.88999999,.94999999,2,2,1,1,111892,0
147,1,0,1,0,0,1,0,0,0,0,100,2,1,6,0,3,5.25,13,.38,"reduced",7,14,1.13,.91000003,.91000003,2,2,,,,
148,1,0,1,0,0,1,0,0,0,1,0,1,4,4.5,30,4,5.25,26,.17,"reduced",7,17,1.0599999,.94999999,.94999999,3,2,1,1,111092,1
148,1,0,1,0,0,1,0,0,0,1,0,2,,7.5,30,4,5.0500002,26,.2,"reduced",7,17,1.05,.94,.94,3,3,,,,
149,1,0,1,0,0,1,0,0,0,0,50,1,1,0,20,4,4.5,26,.27000001,"both",7,16,1.0599999,.94999999,.94999999,2,1,1,1,111092,0
149,1,0,1,0,0,1,0,0,0,0,50,2,,8,10,3,5.0500002,26,.25,"reduced",7,16,1.05,.94,.94,2,2,,,,
150,1,0,1,0,0,1,0,0,0,1,2,1,2,0,27.5,3.5,4.6700001,26,.27000001,"reduced",7,16,1.23,.88999999,.88999999,3,3,2,1,123192,0
150,1,0,1,0,0,1,0,0,0,1,2,2,8,12,20,3,5.75,28,.57999998,"reduced",7,15,1.11,.88,.88,3,2,,,,
151,1,0,1,0,0,1,0,0,0,0,92,1,0,1,12,3,5,12,.1,"reduced",7,15,1.09,.81,1.04,3,3,2,3,123092,
151,1,0,1,0,0,1,0,0,0,0,92,2,2,0,0,0,,,,,,,,,,,,,,,
152,1,0,1,0,0,1,0,0,0,1,10,1,0,35,15,4,5.1199999,9,.67000002,"free",7,15,1.17,.94999999,1.02,3,2,1,1,111092,0
152,1,0,1,0,0,1,0,0,0,1,10,2,,12,13.5,5,5.0500002,13,.28,"reduced",7,15,1.16,.94,.94,3,3,,,,
153,1,0,1,0,0,1,0,0,0,0,33,1,0,0,25,9,,52,.15000001,"free",7,17,1,.94999999,.88999999,4,3,1,1,111092,0
153,1,0,1,0,0,1,0,0,0,0,33,2,,26.5,10,3,5.0500002,26,.15000001,"reduced",7,17,1.05,.94999999,.94999999,3,2,,,,
156,1,0,1,0,0,1,0,0,0,0,0,1,0,8,15,3,4.8699999,6,.25,"free",7,15,1.0599999,.94999999,1.02,8,3,1,1,111092,0
156,1,0,1,0,0,1,0,0,0,0,0,2,,2,18,2,5.0500002,,.30000001,"reduced",7,15,.94999999,.94,1.01,3,,,,,
157,2,0,1,0,0,1,0,0,0,0,0,1,0,10,5,3,5,26,.25,"free",10.5,12,.91000003,.85000002,2.3399999,3,3,1,1,111792,0
157,2,0,1,0,0,1,0,0,0,0,0,2,2,12,8,2,5.5,26,.25,"free",10.5,11,.94999999,.82999998,2.47,2,2,,,,
158,2,0,1,0,0,1,0,0,0,0,55,1,1,2,7,3,4.5,4,.12,"free",11,10,.92000002,.69999999,2.3399999,3,3,1,1,111192,0
158,2,0,1,0,0,1,0,0,0,0,55,2,,3,4,4,5.0500002,13,.25,"free",11,11.5,.94999999,.94,2.49,3,2,,,,
159,2,0,1,0,0,1,0,0,0,0,22,1,8,6,12,2,4.5,4,.12,"free",10.5,10.5,.98000002,.85000002,2.3399999,3,3,1,1,111492,0
159,2,0,1,0,0,1,0,0,0,0,22,2,,10,5,4,5.25,13,.25,"free",10.5,11.5,.94999999,.83999997,2.49,4,3,,,,
161,3,1,1,0,0,1,0,0,0,0,2,1,0,8,25,4,5,19,.15000001,"reduced",6,17,1.12,1.02,1.0599999,7,3,1,1,111992,0
161,3,1,1,0,0,1,0,0,0,0,2,2,4,26,12,4,5.0500002,,,"reduced",6,17,1.11,1.0599999,1.05,7,5,,,,
162,3,1,1,0,0,1,0,0,0,0,45,1,2,0,40,3,4.75,26,.17,"reduced",6,16.5,1.12,1.02,1.0599999,,1,1,1,111292,0
162,3,1,1,0,0,1,0,0,0,0,45,2,,3,30,3,5.0500002,26,.18000001,"reduced",7,15.5,1.11,1.01,1.05,6,5,,,,
163,3,1,1,0,0,1,0,0,0,0,11,1,0,12,18,3,5,13,.15000001,"reduced",6,16.5,1.2,1.0700001,1.0599999,3,3,1,1,111292,0
163,3,1,1,0,0,1,0,0,0,0,11,2,,1.5,33,3,5.0500002,26,.15000001,"reduced",7,15,,,,,,,,,
164,3,1,1,0,0,1,0,0,0,0,3,1,0,4,30,4,5,26,.1,"reduced",5,19,1.12,1.02,1.0599999,5,3,1,1,111292,0
164,3,1,1,0,0,1,0,0,0,0,3,2,,5,15,3,5.0500002,52,.15000001,"reduced",6,17,1.11,1.0599999,1.05,5,3,,,,
165,4,0,1,0,0,1,0,0,0,1,60,1,1,20,10,3,5,15,.27000001,"reduced",10.5,12.5,1.0599999,.88999999,1.0599999,3,2,1,1,111792,0
165,4,0,1,0,0,1,0,0,0,1,60,2,1,10,17,4,5.0500002,14,.13,"reduced",10.5,12.5,1.05,.98000002,1.05,2,2,,,,
166,4,0,1,0,0,1,0,0,0,1,40,1,0,8,32,5,4.75,26,.25,"reduced",10.5,11.5,.94999999,.85000002,1.0599999,2,2,1,1,111392,0
166,4,0,1,0,0,1,0,0,0,1,40,2,1,0,35,4,5.0500002,26,.18000001,"reduced",10.5,12.5,1.11,.83999997,1.26,2,2,,,,
168,1,0,1,0,0,1,0,0,0,1,50,1,0,5,20,4,4.25,4,.25,"free",7,15,1.0599999,.94999999,.94999999,3,3,1,1,111692,0
168,1,0,1,0,0,1,0,0,0,1,50,2,,0,32,4,5.25,10,.18000001,"free",6,16,1.11,.94999999,1.14,3,1,,,,
169,1,1,1,0,0,1,0,0,0,0,50,1,0,12,33,4,5,13,.25,"reduced",7,16,1.1,.94,1.04,3,3,1,1,111692,0
169,1,1,1,0,0,1,0,0,0,0,50,2,,20,6,4,5.0500002,52,.15000001,"reduced",7,16,1.11,1.05,1.05,3,3,,,,
170,1,1,1,0,0,1,0,0,0,0,0,1,1,10,20,3,5,52,.51999998,"reduced",7,16,1.1,1.02,1.08,3,2,1,1,111092,0
170,1,1,1,0,0,1,0,0,0,0,0,2,,20,20,4,5.0500002,4,,"free",7,16,1.29,1.11,1.1799999,4,4,,,,
171,1,1,1,0,0,1,0,0,1,0,,1,0,2,32,3,4.25,8,.25,"reduced",7,16,1.09,.94999999,1.04,3,3,1,1,111092,1
171,1,1,1,0,0,1,0,0,1,0,,2,,10,12.5,5,5.0500002,4,.1,"reduced",7,16,1.1799999,1.04,1.03,3,3,,,,
172,1,0,1,0,0,1,0,0,0,0,.30000001,1,0,0,24,5,4.75,13,.25,"free",9,12.5,1.12,1.02,1.0599999,5,4,1,1,111692,0
172,1,0,1,0,0,1,0,0,0,0,.30000001,2,2,7,23,3,5.0500002,8,.18000001,"free",9,13,1.11,1.01,1.05,6,3,,,,
173,1,0,1,0,0,1,0,0,0,0,50,1,3,6,40,10,4.8499999,26,.15000001,"reduced",6.5,17.5,1.0599999,.94999999,.98000002,4,3,1,1,111792,0
173,1,0,1,0,0,1,0,0,0,0,50,2,1,11,30,5,5.0500002,26,.15000001,"reduced",6,18,1.05,.94,1.04,4,3,,,,
174,1,0,1,0,0,1,0,0,1,0,50,1,2,11,20,4,4.75,26,.15000001,"reduced",7,16,1.1799999,.88,.98000002,4,3,1,1,111092,0
174,1,0,1,0,0,1,0,0,1,0,50,2,,20,20,3,5.0500002,4,.2,"reduced",7,16,1.05,.89999998,.98000002,3,3,,,,
176,1,0,1,0,0,1,0,0,0,0,20,1,0,15,21,4,4.6199999,13,.12,"free",7,16,1.0599999,,1.05,4,4,1,1,111792,0
176,1,0,1,0,0,1,0,0,0,0,20,2,1,20,27.5,4,5.0500002,,,"reduced",7,16,1.04,1.0599999,,,,,,,
178,2,1,1,0,0,1,0,0,1,1,96,1,0,13,12,3,4.25,52,.2,"free",11,10,.91000003,.85000002,2.3399999,3,2,1,1,111191,1
178,2,1,1,0,0,1,0,0,1,1,96,2,,1,10,3,5.0500002,26,.25,"free",11,10.5,1.01,.94,2.6400001,3,2,,,,
179,2,0,1,0,0,1,0,0,0,1,90,1,2,2,12,3,4.25,13,.25,"free",10.5,10.5,.91000003,.91000003,2.3399999,3,3,1,1,111892,0
179,2,0,1,0,0,1,0,0,0,1,90,2,3,2,10,4,5.0500002,26,.2,"free",10.5,11,.94,.83999997,2.49,3,3,,,,
180,2,0,1,0,0,1,0,0,1,0,30,1,0,8,3,4,4.5,26,.25,"reduced",11,11,1.0599999,1.01,2.6600001,4,2,1,1,111192,0
180,2,0,1,0,0,1,0,0,1,0,30,2,,0,17.5,4,5.0500002,,,"reduced",11,12,1.05,1.05,2.8499999,4,4,,,,
181,2,0,1,0,0,1,0,0,0,0,100,1,0,0,13,3,,,,"free",10.5,11,.91000003,.79000002,2.3399999,3,2,1,1,111192,0
181,2,0,1,0,0,1,0,0,0,0,100,2,,1,15,2,5.0500002,,.25,"free",10.5,11,.94999999,.89999998,2.49,3,2,,,,
182,2,0,1,1,0,0,0,0,1,1,100,1,0,3,15,3,4.5,4,.25,"reduced",11,11,1.0599999,1.01,2.6600001,4,3,1,1,111192,0
182,2,0,1,1,0,0,0,0,1,1,100,2,,0,15,3,5.0500002,26,.25,"reduced",11.5,10,1.05,1,2.73,4,3,,,,
183,2,0,1,0,0,1,0,0,0,0,100,1,0,12,4,4,4.6199999,20,.33000001,"both",11,11,1.0599999,1.01,2.6600001,4,3,1,1,111892,0
183,2,0,1,0,0,1,0,0,0,0,100,2,4,15,10,2,5.0500002,13,.25,"reduced",11,10.5,1.05,1,2.75,4,3,,,,
185,2,0,1,0,1,0,0,0,1,0,100,1,0,2,9,3,4.5,13,.2,"reduced",11,10.5,1.0599999,1.01,2.6600001,4,4,1,1,111192,1
185,2,0,1,0,1,0,0,0,1,0,100,2,,2,6,3,5.0500002,26,.25,"free",11,10.5,1.05,1,2.75,3,3,,,,
186,3,0,1,0,0,1,0,0,0,1,50,1,3,10,20,4,4.75,26,.15000001,"reduced",6,16,1.12,1.02,.94999999,5,3,1,1,111892,0
186,3,0,1,0,0,1,0,0,0,1,50,2,3,12,18,4,5.0500002,26,,"reduced",6,16,1.17,1.0599999,.94999999,5,3,,,,
187,3,0,1,0,0,1,0,0,1,0,2,1,0,4,20,3,5.6199999,26,.51999998,"reduced",7,15,1.12,1.09,1.0599999,4,3,1,1,111292,0
187,3,0,1,0,0,1,0,0,1,0,2,2,,5,17.5,3,5.0500002,13,.2,"reduced",7,15,1.11,1.0599999,1.05,4,4,,,,
189,3,0,1,0,0,1,0,0,0,0,95,1,0,4,15,3,4.75,39,.2,"reduced",7,15,1.12,1.0700001,1.12,4,2,1,1,111292,0
189,3,0,1,0,0,1,0,0,0,0,95,2,,0,19,3,5.0500002,52,.2,"reduced",7,15,1.11,1.0599999,1.05,5,3,,,,
190,3,1,1,0,0,1,0,0,0,1,,1,0,5,42,4,5,26,.12,"reduced",6,16,1.02,1.0700001,1.0599999,5,,1,1,111292,0
190,3,1,1,0,0,1,0,0,0,1,,2,,7,30,4,5.0500002,26,.18000001,"reduced",7,15,1.05,1.01,1.74,5,3,,,,
191,4,0,1,0,0,1,0,0,0,0,,1,0,30,20,4,,,,"reduced",10.5,12,1.0599999,.94999999,1.0599999,,1,1,1,111792,1
191,4,0,1,0,0,1,0,0,0,0,,2,1,0,25,4,5.0500002,6,.25,"reduced",10.5,12,1.02,.94,1.05,2,2,,,,
192,4,0,1,0,0,1,0,0,0,1,10,1,2,20,10,4,4.8699999,26,.17,"reduced",10,12,.91000003,.85000002,1.0599999,2,2,1,1,111392,0
192,4,0,1,0,0,1,0,0,0,1,10,2,,4.5,30,3,5.25,19,.18000001,"reduced",10.5,12.5,1.05,.83999997,1.26,2,2,,,,
193,4,0,1,0,0,1,0,0,1,1,,1,3,1,13,3,4.5,13,.12,"reduced",10,11,.94999999,.85000002,.99000001,2,1,1,1,111792,1
193,4,0,1,0,0,1,0,0,1,1,,2,2,4,9,3,5.0500002,26,.13,"reduced",9,13,1.01,.89999998,1.26,2,1,,,,
195,4,0,1,0,0,1,0,0,1,1,100,1,3,0,30,3,4.25,26,,"reduced",10.5,11.5,1.0599999,.85000002,1.0599999,2,2,1,1,111892,0
195,4,0,1,0,0,1,0,0,1,1,100,2,2,8,25,3,5.0500002,26,.15000001,"reduced",10.5,12.5,.94,.83999997,2.1099999,2,2,,,,
196,4,1,1,0,0,1,0,0,0,0,,1,0,8,19,4,5,26,.2,"reduced",10.5,11.5,.94999999,.85000002,1.0599999,2,2,1,1,111392,0
196,4,1,1,0,0,1,0,0,0,0,,2,,0,30,3,5.0500002,26,.18000001,"reduced",10.5,12.5,1,.89999998,2.1099999,2,2,,,,
197,1,0,1,0,0,1,0,0,0,0,50,1,0,23,10,4,5,26,.25,"reduced",7,17,.99000001,.88999999,.88999999,3,2,1,1,111792,0
197,1,0,1,0,0,1,0,0,0,0,50,2,1,5,21,5,5.0500002,26,.13,"both",7,17,1.05,.94999999,.94999999,3,1,,,,
198,1,0,1,0,0,1,0,0,0,1,65,1,0,,,4,4.25,4,.12,"both",7,16,1.0599999,.94999999,.94999999,3,3,1,1,111792,0
198,1,0,1,0,0,1,0,0,0,1,65,2,8,10,32,4,5.0500002,26,.15000001,"reduced",7,16,1.05,.94,.94,3,3,,,,
199,2,0,1,0,0,1,0,0,0,0,25,1,0,0,12,3,4.3499999,,.12,"free",11,10,.85000002,.80000001,2.3399999,4,3,1,1,111192,
199,2,0,1,0,0,1,0,0,0,0,25,2,,11,3,4,5.0500002,2,.44999999,"free",11,10.5,.91000003,.89999998,2.45,4,3,,,,
200,1,0,1,0,0,1,0,0,0,1,15,1,0,0,60,3,4.25,9,.2,"reduced",6,18,1.0599999,.91000003,.98000002,4,3,1,1,111092,0
200,1,0,1,0,0,1,0,0,0,1,15,2,,5,40,4,5.0500002,52,.25,"reduced",6.5,17.5,1.05,.94,.98000002,5,4,,,,
201,1,0,1,0,0,1,0,0,0,0,65,1,0,0,33,3,4.5,26,.34999999,"reduced",7,17,1.0599999,1.02,.94999999,3,3,1,1,111092,1
201,1,0,1,0,0,1,0,0,0,0,65,2,,16,22,3,5.0500002,26,.28,"free",7,17,1.05,.94999999,.94999999,3,3,,,,
202,1,0,1,0,0,1,0,0,0,1,15,1,2,30,14,4,4.25,4,.37,"reduced",6,19,1.17,.94999999,.63,3,3,1,1,111692,0
202,1,0,1,0,0,1,0,0,0,1,15,2,,13,11,4,5.0500002,4,.079999998,"both",6,19,1.15,.94999999,.63999999,3,3,,,,
203,1,0,1,0,0,1,0,0,0,0,50,1,2,9,12,2,4.25,26,.15000001,"reduced",7,17,1.0599999,.94999999,.94999999,3,3,1,1,111092,0
203,1,0,1,0,0,1,0,0,0,0,50,2,,4,34,3,5.0500002,26,.18000001,"none",7,17,1.05,.94999999,.94999999,3,2,,,,
204,1,0,1,0,0,1,0,0,0,0,31,1,0,10,8.5,4,4.25,13,.27000001,"reduced",6.5,17.5,1.0599999,1,1.0599999,3,3,1,1,111092,0
204,1,0,1,0,0,1,0,0,0,0,31,2,,12,13.5,3,5.0500002,13,.25,"reduced",6.5,17.5,1.05,.99000001,1.05,3,2,,,,
207,2,1,1,0,0,1,0,0,0,0,25,1,0,8,10,4,4.75,8,.25,"free",11,12,1.0599999,.85000002,2.3399999,4,2,1,1,111192,1
207,2,1,1,0,0,1,0,0,0,0,25,2,,8.5,6,2,5.1999998,52,.5,"free",11,12,1.05,.83999997,2.3199999,5,3,,,,
208,3,1,1,0,0,1,0,0,0,0,95,1,1,12,32,4,4.6199999,26,.15000001,"reduced",6,17,1.1900001,.94,.85000002,4,4,1,1,111792,0
208,3,1,1,0,0,1,0,0,0,0,95,2,2,5,32,3,5.0500002,26,,"reduced",8,14,1.0599999,1.0599999,1.05,5,5,,,,
209,3,1,1,0,0,1,0,0,0,0,75,1,0,4,36,4,4.25,26,.12,"reduced",6,18,1.17,.94999999,.94999999,5,5,1,1,111192,0
209,3,1,1,0,0,1,0,0,0,0,75,2,,6,37,4,5.0500002,26,.2,"reduced",7,16,1.11,1.0599999,1.05,5,5,,,,
210,4,1,1,0,0,1,0,0,0,1,90,1,3,0,19,2,4.5,13,.17,"reduced",10.5,11.5,1.0599999,.94999999,.94999999,4,2,1,1,111392,0
210,4,1,1,0,0,1,0,0,0,1,90,2,,0,14,3,5.0500002,13,.2,"reduced",10,11,,,,4,,,,,
211,1,0,1,1,0,0,0,0,0,0,80,1,2,3,28,4,4.5,13,,"reduced",7,15,1.02,.94999999,.94999999,3,3,1,1,111692,0
211,1,0,1,1,0,0,0,0,0,0,80,2,,2,35,4,5.0500002,4,,"reduced",7,15,,.89999998,,3,2,,,,
212,1,0,1,1,0,0,0,0,0,0,95,1,0,11,17.5,3,4.5,13,.17,"free",7,16,1.0599999,.88,.83999997,3,2,1,1,111092,1
212,1,0,1,1,0,0,0,0,0,0,95,2,,20,15,3,5.0500002,4,.52999997,"reduced",7,16,1.05,.94,.88999999,2,2,,,,
213,1,1,1,1,0,0,0,0,0,0,50,1,1,4.5,20,4,4.5500002,4,.15000001,"reduced",6.5,17.5,.95999998,.93000001,.93000001,4,3,2,1,121892,1
213,1,1,1,1,0,0,0,0,0,0,50,2,2,12,17.5,4,5.0500002,19,.15000001,"reduced",6.5,17.5,1.05,.94,.94,4,3,,,,
214,1,0,1,1,0,0,0,0,0,0,75,1,0,2,30,3,4.6199999,6.5,.25,"reduced",7,16,1.02,.88999999,.91000003,2,2,1,1,111892,0
214,1,0,1,1,0,0,0,0,0,0,75,2,1,0,35,5,5.0500002,,,"reduced",6.75,16.25,1.04,.93000001,.95999998,3,2,,,,
215,1,0,1,1,0,0,0,0,0,0,100,1,0,10,10,3,4.5,13,.2,"reduced",7,16,1.0599999,.88999999,.91000003,3,3,1,1,111092,0
215,1,0,1,1,0,0,0,0,0,0,100,2,,20,10,3,5.0500002,26,.15000001,"both",7,16,.93000001,.83999997,.93000001,3,3,,,,
216,2,0,1,1,0,0,0,0,0,0,100,1,0,2,11,3,4.25,13,.15000001,"free",11,10.5,1.0599999,.94999999,2.77,4,3,1,1,111192,0
216,2,0,1,1,0,0,0,0,0,0,100,2,,2,18,3,5.0500002,13,.2,"reduced",11,10.5,1.05,.94,2.75,5,3,,,,
217,2,1,1,1,0,0,0,0,0,0,73,1,0,2,13,2,4.25,13,.17,"free",11,10,.94999999,.74000001,2.1900001,4,3,1,1,111192,0
217,2,1,1,1,0,0,0,0,0,0,73,2,,0,12,3,5.0500002,26,.2,"free",10.5,10.5,.94,.73000002,2.3199999,4,4,,,,
218,2,1,1,1,0,0,0,0,0,0,5,1,0,7,4,2,4.3499999,26,.25,"free",11,10,.85000002,.74000001,2.3399999,3,2,1,1,111192,0
218,2,1,1,1,0,0,0,0,0,0,5,2,,5,3,3,5.0500002,26,.25,"free",11,11,.94999999,.73000002,2.1900001,3,3,,,,
219,2,1,1,1,0,0,0,0,0,0,50,1,0,3,9,3,4.25,19,.12,"reduced",11,10,.91000003,.74000001,2.3399999,4,3,1,1,111192,0
219,2,1,1,1,0,0,0,0,0,0,50,2,,9,9,2,5.0500002,26,.18000001,"free",10.5,10.5,.94,.73000002,2.53,,,,,,
220,2,0,1,1,0,0,0,0,0,0,50,1,4,3,15,2,4.25,13,.25,"reduced",11,10,1.0599999,.94999999,2.77,5,3,1,1,111492,0
220,2,0,1,1,0,0,0,0,0,0,50,2,1,3,12,3,5.0500002,13,.13,"free",11,10,1.09,.89999998,2.75,4,3,,,,
221,2,0,1,1,0,0,0,0,0,0,95,1,0,1,28,3,4.5999999,13,.25,"free",11,11,1.02,.94999999,2.5599999,4,3,1,1,111192,0
221,2,0,1,1,0,0,0,0,0,0,95,2,,1,15,3,5.0500002,13,.15000001,"free",11,11,1.05,.94,2.53,4,3,,,,
222,3,1,1,1,0,0,0,0,0,0,75,1,3,2,24,3,4.25,13,.25,"reduced",9,12.5,1.12,.85000002,1.0599999,3,1,1,1,111192,0
222,3,1,1,1,0,0,0,0,0,0,75,2,,2,15,3,5.0500002,26,.2,"reduced",10,11.5,1.01,1.01,.88999999,3,1,,,,
223,3,1,1,1,0,0,0,0,0,0,30,1,2,3,18,3,4.75,13,.25,"reduced",6,16,,,,3,2,2,1,121892,0
223,3,1,1,1,0,0,0,0,0,0,30,2,2,3,20,3,5.0500002,28,.25,"reduced",7,15,1.01,1.01,.94,3,2,,,,
225,3,1,1,1,0,0,0,0,0,0,25,1,0,3,27,3,4.75,13,.2,"reduced",6,17,1.0599999,.91000003,.91000003,6,3,1,1,111192,0
225,3,1,1,1,0,0,0,0,0,0,25,2,,12,25,4,5.0500002,4,.1,"reduced",6,17,1.01,1.01,.94,5,3,,,,
226,4,0,1,1,0,0,0,0,0,0,60,1,0,0,22,2,4.25,13,.25,"free",10.5,11.5,.94999999,.70999998,.94999999,2,2,1,1,111792,0
226,4,0,1,1,0,0,0,0,0,0,60,2,1,0,26,2,5.3000002,52,.15000001,"free",10.5,10.5,1,.85000002,.94,2,2,,,,
228,4,0,1,1,0,0,0,0,0,1,20,1,0,3,28.5,3,4.5,13,.2,"both",10.5,12.5,.94999999,.86000001,.94999999,2,2,1,1,111392,0
228,4,0,1,1,0,0,0,0,0,1,20,2,,11,19,3,5.0500002,,,"free",10.5,12.5,1,.83999997,.88999999,2,,,,,
229,1,0,1,0,0,1,0,0,0,0,30,1,2,3,40,3,4.5,26,.1,"reduced",8.5,13.5,.94999999,.94999999,1.0599999,5,4,1,1,111692,1
229,1,0,1,0,0,1,0,0,0,0,30,2,,22,11,3,5.5,26,.15000001,"reduced",8.5,13.5,1.01,.94,.94,4,3,,,,
230,1,0,1,0,0,1,0,0,0,0,60,1,0,0,25,3,4.25,26,.1,"free",7,17,1.02,.94999999,.94999999,3,2,1,1,111692,0
230,1,0,1,0,0,1,0,0,0,0,60,2,,15,17,3,5.0500002,26,.18000001,"free",7,17,1.05,.94,.94,3,2,,,,
231,1,0,1,0,0,1,0,0,0,0,,1,1,,10,3,,26,,"reduced",7,16,1.02,1.02,.94999999,2,2,1,1,111092,0
231,1,0,1,0,0,1,0,0,0,0,,2,,16,6,4,5.0500002,4,.25,"free",7,16,.89999998,.94999999,.94999999,3,1,,,,
232,1,0,1,0,0,1,0,0,0,1,46,1,3,18,6,3,4.75,26,.12,"both",7,16,1.0599999,.94999999,.94999999,3,3,1,1,111892,0
232,1,0,1,0,0,1,0,0,0,1,46,2,3,18,10,4,5.0500002,13,.25,"reduced",7,15,1.05,.94999999,.94999999,3,2,,,,
233,1,0,1,0,0,1,0,0,0,0,10,1,0,19,7,3,4.6500001,13,.31999999,"reduced",7,16,1.17,.94999999,.94999999,2,2,1,1,111092,0
233,1,0,1,0,0,1,0,0,0,0,10,2,,15,7,3,5.0500002,26,.25,"reduced",7,16,1.05,.94,.94,2,2,,,,
234,1,0,1,0,0,1,0,0,0,0,0,1,2,0,10,3,5,26,,"reduced",7,16,1.12,,.49000001,2,2,1,1,111892,0
234,1,0,1,0,0,1,0,0,0,0,0,2,2,10,4,3,5.0500002,26,,"reduced",7,16,1.04,1.01,.57999998,3,2,,,,
235,1,0,1,0,0,1,0,0,0,0,100,1,2,5,17,1,4.25,26,.20999999,"reduced",7,16,1.02,.94999999,1.04,3,2,2,1,121592,1
235,1,0,1,0,0,1,0,0,0,0,100,2,4,,28,3,5.0500002,28,.5,"reduced",8,15,1.11,1.11,1.03,4,2,,,,
236,1,0,1,0,0,1,0,0,0,0,95,1,3,0,34,4,,17,,"free",7,17,1.1799999,1.02,1.0599999,4,3,1,1,111792,1
236,1,0,1,0,0,1,0,0,0,0,95,2,2,23,22,4,5.0500002,8,.28,"free",7,18,1.1,1.01,.99000001,4,3,,,,
237,1,0,1,0,0,1,0,0,0,0,50,1,2,12,11,4,4.25,13,.25,"reduced",7,16,1.11,.94999999,1.01,2,2,1,1,110992,0
237,1,0,1,0,0,1,0,0,0,0,50,2,,9,17,4,5.0500002,4,.2,"reduced",7,15.5,.94,.94,1,2,2,,,,
238,2,1,1,0,0,1,0,0,0,0,100,1,2,0,22,3,4.75,9,.12,"free",11,12,1.0599999,1.02,2.3399999,5,3,1,1,111192,1
238,2,1,1,0,0,1,0,0,0,0,100,2,,25,15,5,5.0500002,13,.25,"free",11,12,1.05,1.05,2.3199999,5,3,,,,
239,2,0,1,0,0,1,0,0,0,0,35,1,1,15,4,3,4.25,13,.25,"free",10.5,13.5,1.05,.94999999,2.74,5,3,1,1,111292,0
239,2,0,1,0,0,1,0,0,0,0,35,2,,0,19,2,5.0500002,26,.28,"free",10.5,12.5,1.05,.83999997,2.3199999,5,3,,,,
240,3,1,1,0,0,1,0,0,0,0,20,1,0,15,35,3,5.0999999,26,.25,"reduced",6,17,1.1799999,1.02,1.0599999,6,4,1,1,111692,0
240,3,1,1,0,0,1,0,0,0,0,20,2,1,15,15,3,5.0500002,26,.15000001,"reduced",6,17,1.1,1,1.05,6,4,,,,
241,3,0,1,0,0,1,0,0,0,1,30,1,2,15,25,4,5,13,.37,"reduced",7,16,1.12,1.02,1.0599999,5,5,1,1,111192,0
241,3,0,1,0,0,1,0,0,0,1,30,2,1,15,,4,5.0500002,26,.1,"reduced",7,16,1.15,1.05,1.05,5,5,,,,
242,3,1,1,0,0,1,0,0,0,1,0,1,0,25,10,3,5.25,13,.25,"reduced",6,17,1.1,1.02,1.0599999,5,4,1,1,111192,1
242,3,1,1,0,0,1,0,0,0,1,0,2,,12,10,3,5.0500002,8,.2,"reduced",7,16,1.11,1.0599999,1.05,6,4,,,,
243,3,1,1,0,0,1,0,0,0,0,40,1,0,7,25,3,4.5,8,.25,"reduced",6,16.5,1.0700001,1.02,.74000001,6,3,1,1,111192,0
243,3,1,1,0,0,1,0,0,0,0,40,2,,7,22,3,5.0500002,26,.1,"reduced",7,15.5,1.11,1.0599999,1.05,6,2,,,,
244,3,1,1,0,0,1,0,0,0,0,40,1,3,12,30,3,4.25,4,.25,"reduced",6,18,1.17,1.12,1.02,4,3,1,1,111192,0
244,3,1,1,0,0,1,0,0,0,0,40,2,,16,12,6,5.0500002,26,.25,"reduced",7,17,1.11,1.12,1.05,5,3,,,,
245,3,0,1,0,0,1,0,0,0,0,0,1,3,15,8,3,5.5,,,"free",8.5,13.5,1.2,1.02,1.02,4,2,1,1,111792,0
245,3,0,1,0,0,1,0,0,0,0,0,2,3,8,12,4,5.0500002,26,,"free",8.5,13,1.11,1.11,1.05,5,1,,,,
247,4,0,1,0,0,1,0,0,0,0,75,1,3,0,40,4,4.5,13,.1,"reduced",10.5,15.5,1.0599999,1.05,1.0599999,2,2,2,1,121792,1
247,4,0,1,0,0,1,0,0,0,0,75,2,7,0,40,4,5.0500002,,,"reduced",10.5,15.5,1.11,1.09,2.0699999,2,2,,,,
248,4,0,1,0,0,1,0,0,0,0,,1,2,8,16,6,4.75,13,.37,"reduced",10,16,1.17,.94999999,.85000002,2,2,1,1,111392,0
248,4,0,1,0,0,1,0,0,0,0,,2,,10,14,6,5.0500002,26,.25,"reduced",10,16,1.37,.94999999,2.03,2,1,,,,
249,1,0,1,1,0,0,0,0,1,0,63,1,1,6,6,4,4.3699999,4,.25,"free",7,15,1.13,1.0599999,.94999999,3,2,1,1,110992,0
249,1,0,1,1,0,0,0,0,1,0,63,2,,10,12,3,5.0500002,4,.1,"free",7,15,1.01,1.01,.94,3,2,,,,
250,2,1,1,1,0,0,0,0,1,0,100,1,2,1,4,2,4.5,13,.30000001,"free",11,10,.85000002,,,4,1,1,1,111292,0
250,2,1,1,1,0,0,0,0,1,0,100,2,,2,4,3,5.0500002,6,.25,"free",11,10,.94,.83999997,2.52,5,3,,,,
253,3,1,1,1,0,0,0,0,0,0,,1,0,7,7,3,4.8699999,52,,"reduced",7,13,1.23,1.0599999,2.3,2,2,1,1,111192,
253,3,1,1,1,0,0,0,0,0,0,,2,,4,8,6,5.0500002,52,.23,"reduced",7,16,1.23,1.11,2.28,3,2,,,,
254,4,0,1,1,0,0,0,0,1,0,,1,0,20,10,3,,16,,"free",7,16,1.0599999,.86000001,1.0599999,2,2,1,1,111492,1
254,4,0,1,1,0,0,0,0,1,0,,2,1,28,10,3,5.25,8,.2,"free",7,15,1,.85000002,1.05,2,2,,,,
255,4,0,1,1,0,0,0,0,0,1,10,1,2,0,14,3,,52,.27000001,"free",7,14,1.01,.79000002,.85000002,2,2,1,1,111392,0
255,4,0,1,1,0,0,0,0,0,1,10,2,,8,12,2,,52,.14,"free",7,14,1,.85000002,2.1099999,2,2,,,,
257,1,0,1,1,0,0,0,0,1,0,10,1,2,20,10,3,4.25,39,.2,"reduced",7,16,1.02,.88,.91000003,2,2,2,2,121492,
257,1,0,1,1,0,0,0,0,1,0,10,2,2,,,,,,,,,,,,,,,,,,
258,1,0,1,1,0,0,0,0,0,0,38,1,0,4,22,3,4.25,8,.15000001,"reduced",7,16,1.0599999,.92000002,.89999998,3,3,1,1,110992,0
258,1,0,1,1,0,0,0,0,0,0,38,2,,20,18,3,5.0500002,13,,"reduced",6,18,1.08,.94,.83999997,3,3,,,,
259,1,0,1,1,0,0,0,0,0,0,50,1,0,13,12,4,5,4,.25,"reduced",7.5,14.5,1.02,.85000002,.85000002,3,3,1,1,110992,0
259,1,0,1,1,0,0,0,0,0,0,50,2,,15,15,4,5.0500002,,,"reduced",7.5,14.5,1.05,,.83999997,3,3,,,,
260,1,1,1,1,0,0,0,0,0,1,100,1,2,10,20,4,4.25,4,.17,"reduced",7,16,1.0599999,.93000001,.88,4,2,1,1,110992,0
260,1,1,1,1,0,0,0,0,0,1,100,2,,4,26,5,5.0500002,8,.28,"reduced",7,16,1.09,.94,.93000001,3,3,,,,
262,1,0,1,1,0,0,0,0,0,0,78,1,0,7,13,3,4.25,13,.25,"reduced",6.5,16.5,1.0599999,.94999999,1.0599999,4,4,1,1,110992,0
262,1,0,1,1,0,0,0,0,0,0,78,2,,0,22.5,3,5.0500002,,.25,"reduced",6.5,17.5,1.08,1.02,.87,3,3,,,,
264,1,0,1,1,0,0,0,0,0,1,60,1,5,0,10,2,4.25,13,.25,"both",7,15,1.02,.88,.91000003,2,2,2,1,121492,0
264,1,0,1,1,0,0,0,0,0,1,60,2,2,0,23,5,5.0500002,14,,"reduced",7,16,1.05,1.11,.94,3,3,,,,
265,1,0,1,1,0,0,0,0,0,0,100,1,3,0,20,1,4.25,26,.15000001,"reduced",7,16,1.02,.88,.94,3,3,2,3,121492,
265,1,0,1,1,0,0,0,0,0,0,100,2,1,0,0,0,,,,,,,,,,,,,,,
267,1,0,1,1,0,0,0,0,0,0,80,1,0,6.5,20,3,4.25,26,.22,"reduced",7,16,.89999998,.80000001,.80000001,3,2,1,1,110992,0
267,1,0,1,1,0,0,0,0,0,0,80,2,,30,25,5,5.0500002,26,.2,"both",7,16,1.05,.88,.91000003,3,2,,,,
268,1,1,1,1,0,0,0,0,0,1,0,1,1,10,18,4,5,26,.17,"reduced",7,15,1.02,.85000002,.85000002,5,4,1,1,110992,1
268,1,1,1,1,0,0,0,0,0,1,0,2,,0,42.5,2,5.0500002,26,.25,"reduced",7,15,.94,.77999997,.83999997,4,4,,,,
269,2,1,1,1,0,0,0,0,0,0,33,1,0,2,10,3,4.4499998,13,.12,"reduced",11,10,.94999999,.69,1.5,4,3,1,1,111892,0
269,2,1,1,1,0,0,0,0,0,0,33,2,3,10,3,4,5.0500002,26,.17,"reduced",11,11,.94,.73000002,2.3199999,4,3,,,,
271,2,1,1,1,0,0,0,0,0,0,38,1,3,0,13,2,5,13,.1,"reduced",11,11,1.02,.79000002,2.3399999,4,2,1,1,111792,0
271,2,1,1,1,0,0,0,0,0,0,38,2,1,0,15,3,5.0500002,8,.1,"reduced",11,12,.89999998,.73000002,2.28,4,3,,,,
272,2,1,1,1,0,0,0,0,0,0,0,1,4,4,11,3,5.0500002,4,.2,"free",11,11,.94999999,.74000001,2.3399999,4,2,1,1,111492,0
272,2,1,1,1,0,0,0,0,0,0,0,2,1,2,14,3,5.25,26,.2,"reduced",11,12,.94,.73000002,2.3199999,4,3,,,,
273,2,1,1,1,0,0,0,0,0,0,95,1,0,2,14,4,4.6199999,13,.2,"free",11,10,.94999999,.74000001,2.3399999,4,3,1,1,111792,0
273,2,1,1,1,0,0,0,0,0,0,95,2,2,2,11,3,5.0500002,6,.18000001,"free",11,10,.94999999,.74000001,2.3199999,4,3,,,,
274,2,1,1,1,0,0,0,0,0,0,27,1,0,0,15,2,5.5,26,.12,"reduced",11,10,.91000003,.74000001,2.3399999,4,3,1,1,111392,0
274,2,1,1,1,0,0,0,0,0,0,27,2,,3,7,3,5.0500002,26,.2,"free",11,11,,,2.3199999,,,,,,
275,2,1,1,1,0,0,0,0,0,0,38,1,0,4,4,4,4.25,9,.25,"reduced",11,11,.94999999,.79000002,2.3399999,4,3,1,1,111492,0
275,2,1,1,1,0,0,0,0,0,0,38,2,2,1,8,2,5.0500002,13,.38999999,"free",11,10.5,.94,.73000002,2.3199999,4,2,,,,
276,2,1,1,1,0,0,0,0,0,0,0,1,3,5,10,3,5,26,.25,"reduced",11,10.5,.94999999,.74000001,2.1900001,4,3,1,1,111392,0
276,2,1,1,1,0,0,0,0,0,0,0,2,,5,15,3,5.0500002,26,.28,"both",11,12,.94999999,.73000002,2.3199999,5,3,,,,
277,2,1,1,1,0,0,0,0,0,0,10,1,0,2,15,3,4.25,9,.25,"both",11,10,.94999999,.85000002,2.3399999,3,3,1,1,111492,0
277,2,1,1,1,0,0,0,0,0,0,10,2,1,1,14,3,5.0500002,,,"free",11,10,.94,.73000002,2.3199999,3,3,,,,
278,2,1,1,1,0,0,0,0,0,0,43,1,0,3,4,3,4.25,3,.25,"reduced",11,10,.94999999,.74000001,2.1900001,4,3,1,1,111392,0
278,2,1,1,1,0,0,0,0,0,0,43,2,,0,9,4,5.0500002,,,"free",11,11,.94999999,.73000002,2.3199999,5,3,,,,
282,3,1,1,1,0,0,0,0,0,0,25,1,2,2,14,3,4.25,13,.13,"reduced",6,16,1.0599999,.91000003,.79000002,4,3,2,3,121492,
282,3,1,1,1,0,0,0,0,0,0,25,2,1,0,0,0,,,,,,,,,,,,,,,
284,3,1,1,1,0,0,0,0,0,1,88,1,1,5,23,4,4.5,13,.25,"reduced",6,16,1.02,.91000003,.91000003,5,4,1,1,111692,0
284,3,1,1,1,0,0,0,0,0,1,88,2,1,6,12,3,5.0500002,26,.28,"reduced",6,16,1.01,1.01,.94,4,3,,,,
285,3,1,1,1,0,0,0,0,0,0,70,1,1,3,25,3,4.75,4,.25,"reduced",6,16,1.02,.91000003,.80000001,4,2,1,1,111292,0
285,3,1,1,1,0,0,0,0,0,0,70,2,,3,15,3,5.0500002,52,.13,"reduced",6,16,1.01,1.01,1.01,4,2,,,,
286,3,1,1,1,0,0,0,0,0,0,66,1,4,1,15,3,4.75,13,.25,"reduced",10,11.5,1.12,,.94999999,2,1,1,1,111692,0
286,3,1,1,1,0,0,0,0,0,0,66,2,1,2,15,3,5.0500002,26,.18000001,"reduced",10,11.5,1.02,1.01,.94,2,1,,,,
287,3,1,1,1,0,0,0,0,0,0,70,1,2,3,18,3,4.5,13,.17,"reduced",6,16,1.0599999,.91000003,.94999999,5,3,1,1,111292,0
287,3,1,1,1,0,0,0,0,0,0,70,2,,2,15,3,5.0500002,4,.15000001,"reduced",6,16,1.01,1.01,.94,5,3,,,,
288,3,1,1,1,0,0,0,0,0,0,15,1,3,0,20,3,4.75,,.25,"reduced",6,16,1.02,.94999999,.94999999,6,4,1,1,111292,0
288,3,1,1,1,0,0,0,0,0,0,15,2,,5,9,3,5.0500002,19,.15000001,"reduced",6,16,1.01,1.01,.88999999,5,2,,,,
289,3,1,1,1,0,0,0,0,0,0,50,1,2,2,12,2,4.25,13,.2,"reduced",6,16,1.02,.94999999,.94999999,5,3,1,1,111292,0
289,3,1,1,1,0,0,0,0,0,0,50,2,,3,10,2,5.0500002,26,.25,"reduced",7,15,1.01,1.01,2,6,3,,,,
290,4,0,1,1,0,0,0,0,0,0,35,1,1,8,12,3,4.75,26,.1,"both",10.5,12.5,.94999999,.88999999,.94999999,2,2,1,1,111392,0
290,4,0,1,1,0,0,0,0,0,0,35,2,1,0,23,2,5.0500002,,,"free",10.5,11.5,1,.85000002,.94,2,2,,,,
291,4,0,1,1,0,0,0,0,0,0,25,1,0,4,20,3,4.5500002,16,.12,"free",10.5,11.5,.94999999,.86000001,.94999999,2,2,1,1,111392,1
291,4,0,1,1,0,0,0,0,0,0,25,2,,5,16,3,5.0999999,17,.1,"reduced",10.5,11.5,1,.85000002,.94,2,2,,,,
292,4,0,1,1,0,0,0,0,1,0,2,1,2,10,15,3,4.8000002,26,.12,"free",7,16,.94999999,.92000002,.94999999,2,1,1,1,111392,1
292,4,0,1,1,0,0,0,0,1,0,2,2,,15,11,3,5.0500002,52,.25,"free",7,16,1,.83999997,2.6900001,2,2,,,,
294,1,0,1,0,0,1,0,0,0,0,70,1,3,0,35,3,,26,.2,"reduced",7,16,1.0599999,.94999999,.94999999,3,3,1,1,110992,0
294,1,0,1,0,0,1,0,0,0,0,70,2,,0,35,3,5.0500002,26,.2,"reduced",7,16,1.05,.94,.94,3,2,,,,
295,1,0,1,0,0,1,0,0,0,0,100,1,3,8,9,3,4.75,26,.12,"reduced",6.5,16.5,1.0599999,.94999999,.94999999,3,3,2,1,121592,0
295,1,0,1,0,0,1,0,0,0,0,100,2,1,,21,4,5.0500002,28,.18000001,"reduced",6,18,1.05,.94,.94,3,3,,,,
296,1,1,1,0,0,1,0,0,0,0,50,1,0,5,16,4,5.3000002,26,.25,"reduced",7,16,1.0599999,.94999999,1.01,3,3,1,1,111892,0
296,1,1,1,0,0,1,0,0,0,0,50,2,3,4,9,6,5.0500002,13,,"reduced",7,16,1.05,.94,1,3,2,,,,
297,1,1,1,0,0,1,0,0,0,0,100,1,1,9,15,3,4.25,13,.050000001,"reduced",7,16,1.0599999,.91000003,.98000002,3,3,1,1,111792,0
297,1,1,1,0,0,1,0,0,0,0,100,2,2,15,30,4,5.0500002,26,.15000001,"reduced",7,16,1.05,.94,.98000002,3,2,,,,
299,2,1,1,0,0,1,0,0,0,0,0,1,0,3,8,2,5,26,,"free",10.5,11.5,1.0599999,.85000002,2.3399999,3,2,1,1,111792,0
299,2,1,1,0,0,1,0,0,0,0,0,2,1,6,12,2,5.0500002,13,.25,"free",11,11.5,1.05,.83999997,2.3199999,3,2,,,,
301,2,1,1,0,0,1,0,0,0,1,0,1,4,8,12,5,5,11,.36000001,"both",11,10.5,1.0599999,.85000002,2.3399999,3,1,1,1,111492,0
301,2,1,1,0,0,1,0,0,0,1,0,2,1,2,7,1,5.0500002,4,.5,"reduced",11,10.5,.94,.83999997,2.3199999,3,2,,,,
303,3,1,1,0,0,1,0,0,0,1,28,1,0,10,35,3,4.3499999,26,.27000001,"reduced",6,17,1.12,1,1.02,6,5,1,1,111692,0
303,3,1,1,0,0,1,0,0,0,1,28,2,,12,35,3,5.0500002,13,.15000001,"reduced",7,16,1.05,1.05,1.05,5,3,,,,
304,3,0,1,0,0,1,0,0,0,0,50,1,3,10,20,3,4.5,26,.37,"reduced",6,17,1.27,1.27,2.24,5,3,1,1,111292,1
304,3,0,1,0,0,1,0,0,0,0,50,2,,10,15,4,5.0500002,26,.38,"free",0,24,1.4,1.29,1.05,5,5,,,,
305,3,1,1,0,0,1,0,0,0,0,,1,2,0,20,3,4.3899999,,,"reduced",6,17,1.27,1.27,1.0599999,5,4,1,1,111792,0
305,3,1,1,0,0,1,0,0,0,0,,2,1,5,22,4,5.0500002,2,.34999999,"free",6,18,1.37,1.3099999,1.05,5,4,,,,
306,3,1,1,0,0,1,0,0,0,0,,1,0,15,15,3,,17,,"reduced",6,17,1.02,,1.0599999,4,4,1,1,111792,0
306,3,1,1,0,0,1,0,0,0,0,,2,1,6,20,3,5.0500002,26,.23,"reduced",6,18,1.11,1.05,1.05,,2,,,,
307,3,1,1,0,0,1,0,0,0,0,90,1,0,17.5,17.5,4,4.25,15,.5,"reduced",6,18,1.1900001,1.1900001,1.0599999,5,5,1,1,111892,0
307,3,1,1,0,0,1,0,0,0,0,90,2,1,25,25,6,5.1999998,,,"reduced",0,24,1.26,,1.05,5,5,,,,
310,4,0,1,0,0,1,0,0,0,1,61,1,2,0,28,4,4.25,13,.25,"reduced",10.5,11.5,.91000003,.91000003,1.9400001,2,1,1,1,111392,0
310,4,0,1,0,0,1,0,0,0,1,61,2,,3,23,3,5.0500002,26,.30000001,"reduced",10.5,11.5,.97000003,.89999998,2.0599999,2,2,,,,
311,4,0,1,0,0,1,0,0,0,1,78,1,2,0,30,4,,26,.31999999,"reduced",10.5,11.5,.91000003,.91000003,1.0599999,2,2,1,1,111392,0
311,4,0,1,0,0,1,0,0,0,1,78,2,,35,30,3,5.0500002,,.2,"reduced",10.5,11.5,1.01,.94999999,1.05,2,2,,,,
312,1,0,1,1,0,0,0,0,1,0,100,1,3,4,6,3,4.25,10,.22,"free",8,11,1.22,1.0599999,.93000001,3,1,1,1,110992,0
312,1,0,1,1,0,0,0,0,1,0,100,2,,3,2,3,5.0500002,4,.25,"free",9,10,1.26,1.05,1.02,3,1,,,,
313,1,0,1,1,0,0,0,0,1,0,80,1,0,11,9,4,4.5,4,.25,"free",7,15,1.0599999,.93000001,.94,3,2,1,1,110992,0
313,1,0,1,1,0,0,0,0,1,0,80,2,,0,30,,5.0500002,8,.25,"free",7,15,1,1.01,.88999999,3,3,,,,
314,1,0,1,1,0,0,0,0,1,0,80,1,8,8,12,3,4.6199999,4,.25,"free",7,15,1.0599999,.94999999,.91000003,3,2,1,1,110992,0
314,1,0,1,1,0,0,0,0,1,0,80,2,,15,6,4,5.25,13,.15000001,"free",6,16,1.05,.74000001,.94,3,3,,,,
315,1,0,1,1,0,0,0,0,0,1,65,1,0,5,19,2,,4,.25,"both",7,16,1,.85000002,.88,3,2,1,1,110992,0
315,1,0,1,1,0,0,0,0,0,1,65,2,,4.5,20,2,5.0500002,8,.079999998,"reduced",7,16,1.05,.83999997,.87,3,2,,,,
316,1,1,1,1,0,0,0,0,1,0,10,1,0,15,15,3,4.6199999,8,.25,"reduced",7,16,1.0599999,.92000002,.87,3,2,1,1,111692,1
316,1,1,1,1,0,0,0,0,1,0,10,2,,12,14,3,5.0500002,26,.15000001,"reduced",7,16,1.05,.94,.94,,,,,,
317,1,0,1,1,0,0,0,0,1,0,100,1,3,0,8,2,4.25,13,.17,"free",8,12,1.22,.93000001,.95999998,3,1,1,1,111792,0
317,1,0,1,1,0,0,0,0,1,0,100,2,1,4,0,3,5.0500002,8,.13,"free",8,10.5,1.26,1.05,1.05,2,1,,,,
318,2,0,1,1,0,0,0,0,1,1,36,1,3,5,7,3,4.75,13,.25,"reduced",11,12,1.23,.98000002,2.6099999,3,3,1,1,111292,1
318,2,0,1,1,0,0,0,0,1,1,36,2,,7,6,4,5.0500002,13,.5,"free",10.5,11.5,1.11,.94999999,2.5899999,3,3,,,,
319,2,0,1,1,0,0,0,0,1,1,,1,2,0,11,3,4.6199999,2.5,.12,"reduced",10.5,12.5,1.0599999,.85000002,3.95,,,1,1,111292,1
319,2,0,1,1,0,0,0,0,1,1,,2,,22,4,3,5.0500002,13,.25,"free",10.5,11.5,.94999999,.89999998,2.4300001,4,3,,,,
320,2,0,1,1,0,0,0,0,1,1,0,1,0,5,9,2,5,13,.12,"reduced",11,12,1.12,.80000001,2.45,4,4,1,1,111392,0
320,2,0,1,1,0,0,0,0,1,1,0,2,,4,6,3,5.0500002,,,"free",11,11,1.05,.83999997,2.4300001,4,3,,,,
321,2,0,1,1,0,0,0,0,1,0,10,1,0,3,14,3,5,,.25,"reduced",10.5,12.5,1.12,.85000002,2.45,4,2,1,1,111492,0
321,2,0,1,1,0,0,0,0,1,0,10,2,2,4,11,2,5.0500002,13,.15000001,"free",11,12,1.05,.83999997,2.4300001,4,3,,,,
322,3,1,1,1,0,0,0,0,1,0,25,1,0,8,13,4,4.75,13,.15000001,"reduced",6,16,1.0599999,1.0599999,1.02,6,2,1,1,111692,0
322,3,1,1,1,0,0,0,0,1,0,25,2,1,12,5,4,5.0500002,13,,"reduced",7,15,.95999998,1.01,.94,6,3,,,,
324,3,0,1,1,0,0,0,0,0,0,0,1,2,20,46,5,5.25,26,.2,"reduced",0,24,1.1799999,1.0599999,,5,2,2,1,121892,1
324,3,0,1,1,0,0,0,0,0,0,0,2,4,22,39,5,5.0500002,52,.25,"reduced",0,24,1.22,1.05,1.05,5,2,,,,
325,3,1,1,1,0,0,0,0,1,0,50,1,0,4,15,4,4.5,10,.25,"reduced",6,15,1.09,1.0599999,.79000002,6,3,1,1,111692,0
325,3,1,1,1,0,0,0,0,1,0,50,2,,1,15,3,5.0500002,26,.1,"reduced",7,15,1.02,1.01,1.01,6,3,,,,
326,3,1,1,1,0,0,0,0,1,0,7,1,3,18,45,5,5.1500001,11,.15000001,"reduced",0,24,1.26,.99000001,,4,3,1,1,111892,0
326,3,1,1,1,0,0,0,0,1,0,7,2,1,0,45,4,5.0500002,,,"reduced",0,24,1.22,,1.05,4,2,,,,
330,4,0,1,1,0,0,0,0,1,1,0,1,0,4,16,3,5.4200001,13,.12,"free",10.5,15.5,1.01,.86000001,.94999999,2,2,1,1,111392,0
330,4,0,1,1,0,0,0,0,1,1,0,2,,3,20,3,5.6700001,52,.25,"free",10.5,14.5,.94,.79000002,1.26,2,2,,,,
333,1,0,1,0,1,0,0,0,0,0,100,1,0,2,16.5,4,4.25,13,.2,"reduced",7,15,1.02,.88,.81999999,4,,1,1,110992,0
333,1,0,1,0,1,0,0,0,0,0,100,2,,3,20,3,5.0500002,13,.18000001,"reduced",7,15,1.04,.87,.87,3,3,,,,
334,1,0,1,1,0,0,0,0,0,0,0,1,0,10,10,3,5,4,.17,"both",9,12.5,.91000003,.91000003,.91000003,3,3,1,1,110992,
334,1,0,1,1,0,0,0,0,0,0,0,2,,0,20,3,5.0500002,26,.18000001,"both",9,12.5,.89999998,.89999998,.85000002,3,2,,,,
335,1,1,1,1,0,0,0,0,0,0,100,1,0,9,10,3,,13,.17,"free",6,17,1.0599999,.92000002,.92000002,5,2,1,1,111892,0
335,1,1,1,1,0,0,0,0,0,0,100,2,3,7,13,3,5.0500002,26,.13,"free",6,17,1.05,.94,.94,5,2,,,,
336,1,0,1,1,0,0,0,0,0,0,80,1,2,28,12,4,4.5,4,.2,"reduced",7,15,1.02,.91000003,.93000001,3,2,1,1,110992,0
336,1,0,1,1,0,0,0,0,0,0,80,2,,10,20,5,5.0500002,6,.2,"reduced",6,16,.94999999,1.05,.94,3,3,,,,
337,1,1,1,1,0,0,0,0,0,0,90,1,0,5,29.5,5,4.8699999,,.30000001,"both",7,17,1.0599999,.93000001,.93000001,4,3,1,1,110992,0
337,1,1,1,1,0,0,0,0,0,0,90,2,,25,5,3,5.0500002,26,,"reduced",7,17,,,,,,,,,
339,1,1,1,1,0,0,0,0,0,0,70,1,2,18,6,2,4.25,26,.37,"both",7,16,1.0599999,.85000002,.94999999,3,3,1,1,111692,1
339,1,1,1,1,0,0,0,0,0,0,70,2,,5,9,2,5.0500002,13,.25,"free",7,16,.94999999,.94999999,.94999999,3,3,,,,
340,1,0,1,1,0,0,0,0,0,0,30,1,3,6,30,3,4.25,26,.1,"reduced",7.5,14.5,.95999998,.94999999,.85000002,5,4,1,1,111692,0
340,1,0,1,1,0,0,0,0,0,0,30,2,,15,17,2,5.0500002,8,.15000001,"reduced",6,16,1.05,.83999997,.83999997,5,4,,,,
341,2,1,1,1,0,0,0,0,0,0,33,1,0,2,7,2,4.6199999,4,.25,"free",11,9.5,.94999999,.74000001,2.3399999,3,3,1,1,111492,0
341,2,1,1,1,0,0,0,0,0,0,33,2,,3,7,3,5.0500002,,,"free",11,11,.89999998,.83999997,2.3199999,4,2,,,,
343,2,1,1,1,0,0,0,0,0,0,43,1,0,10,6,2,4.75,26,.25,"reduced",11,10.5,.94999999,.74000001,2.3399999,4,3,1,1,111892,0
343,2,1,1,1,0,0,0,0,0,0,43,2,4,4,11,2,5.0500002,6,.15000001,"reduced",11,12,.94999999,.85000002,2.3199999,4,3,,,,
346,2,1,1,1,0,0,0,0,0,0,,1,0,2,10.5,2,4.25,19,.2,"reduced",11,10,.94999999,,,4,3,1,1,111292,0
346,2,1,1,1,0,0,0,0,0,0,,2,,3,12,3,,,,"free",11,11,.85000002,,,,,,,,
348,3,1,1,0,1,0,0,0,0,0,75,1,0,3,10.5,3,4.25,13,.2,"reduced",10.5,10.5,1.02,1.0599999,.94999999,3,2,2,3,121892,
348,3,1,1,0,1,0,0,0,0,0,75,2,1,0,0,0,,,,,,,,,,,,,,,
349,3,1,1,1,0,0,0,0,0,0,10,1,1,2.5,27,5,5,6,.15000001,"reduced",6,16,1.12,.91000003,.94999999,3,3,1,1,111192,0
349,3,1,1,1,0,0,0,0,0,0,10,2,,0,20,4,5.0500002,4,.18000001,"reduced",7,15,1.01,1.01,.94,3,3,,,,
350,3,1,1,1,0,0,0,0,0,0,60,1,0,8,9,4,4.75,13,.37,"reduced",6,16,1.0599999,.91000003,1.12,5,,1,1,111892,0
350,3,1,1,1,0,0,0,0,0,0,60,2,1,5,20,2,5.0500002,13,.23,"reduced",6,17,1.01,1.01,.88999999,5,4,,,,
351,3,1,1,1,0,0,0,0,0,0,,1,1,2,27.5,3,4.25,,,"reduced",6,16,1.02,.89999998,.94999999,4,3,1,1,111792,0
351,3,1,1,1,0,0,0,0,0,0,,2,2,10,20,4,5.0500002,52,.52999997,"reduced",6,16,1.01,1.01,.73000002,4,2,,,,
352,3,1,1,0,0,1,0,0,0,0,50,1,0,0,19,4,4.75,8,.25,"reduced",10,11.5,1.12,.91000003,.99000001,2,2,2,5,122392,
352,3,1,1,0,0,1,0,0,0,0,50,2,9,,,,,,,,,,.94999999,.94999999,.88999999,,,,,,
353,3,1,1,1,0,0,0,0,0,0,90,1,0,7.5,22.5,3,4.3699999,13,.22,"reduced",6,16,1.0700001,.85000002,.94999999,5,3,2,1,121492,0
353,3,1,1,1,0,0,0,0,0,0,90,2,4,,31,4,5.0500002,28,,"reduced",6,16,1.01,1.01,.88999999,3,3,,,,
354,4,0,1,1,0,0,0,0,0,1,10,1,3,14,7,3,5.0599999,4,.25,"free",10.5,10.5,.94999999,.86000001,.94999999,2,2,1,1,111392,0
354,4,0,1,1,0,0,0,0,0,1,10,2,,9,7,3,5.0500002,13,.23,"free",10.5,10.5,1,.85000002,.94,2,2,,,,
355,4,0,1,0,1,0,0,0,0,1,100,1,0,2,17,3,4.8699999,26,.15000001,"free",10.5,11.5,.94999999,.92000002,.94999999,2,2,1,1,111392,0
355,4,0,1,0,1,0,0,0,0,1,100,2,,3,17,2,,,,"free",10.5,11.5,1,.85000002,.88999999,2,2,,,,
356,4,0,1,1,0,0,0,0,0,1,0,1,3,11.5,10,4,5.0500002,13,,"free",10.5,11.5,.94999999,.80000001,1.0599999,2,2,1,1,111492,1
356,4,0,1,1,0,0,0,0,0,1,0,2,,0,28,4,5.0500002,17,.15000001,"free",10.5,11.5,1,.85000002,1.05,2,2,,,,
357,4,0,1,0,0,1,0,0,0,0,100,1,1,4.5,20,3,5,16,.2,"free",10.5,11.5,.94999999,.86000001,.94999999,2,2,1,1,111392,0
357,4,0,1,0,0,1,0,0,0,0,100,2,,21,6,3,5.25,13,.25,"free",10.5,12.5,1,.83999997,2.3499999,2,2,,,,
359,1,1,1,1,0,0,0,0,0,0,100,1,1,0,22,4,4.25,26,.17,"reduced",7,15,1.02,.85000002,.81999999,3,3,1,1,111692,0
359,1,1,1,1,0,0,0,0,0,0,100,2,,0,26,4,5.0500002,26,.25,"reduced",7,16,1.05,.87,.81999999,3,2,,,,
360,1,0,1,1,0,0,0,0,0,1,100,1,0,3,25,2,4.25,13,.15000001,"reduced",7,15,1.0599999,.83999997,.88999999,3,3,1,1,111692,0
360,1,0,1,1,0,0,0,0,0,1,100,2,,5,32,7,5.0500002,4,.25,"reduced",7,16,1.05,.87,.81999999,3,3,,,,
361,1,0,1,1,0,0,0,0,0,0,100,1,0,6,13,5,4.25,26,.22,"reduced",7,16,1.02,.91000003,.85000002,3,3,1,1,110792,0
361,1,0,1,1,0,0,0,0,0,0,100,2,,4,23,6,5.0500002,26,.18000001,"reduced",7,16,.89999998,.93000001,.92000002,3,2,,,,
362,2,0,1,1,0,0,0,0,0,1,100,1,0,6,13,,4.25,13,.66000003,"reduced",10.5,12.5,1.0599999,.81,2.45,5,3,1,1,111292,0
362,2,0,1,1,0,0,0,0,0,1,100,2,,24,4,4,5.0500002,13,.18000001,"free",10.5,12.5,1.05,.83999997,2.4300001,5,3,,,,
363,2,0,1,1,0,0,0,0,0,0,75,1,2,0,25,3,4.25,18,.18000001,"reduced",10.5,12.5,1.0599999,.80000001,2.45,4,3,1,1,111292,0
363,2,0,1,1,0,0,0,0,0,0,75,2,,14,7,2,5.1999998,4,.13,"reduced",10.5,12.5,1.01,.80000001,2.4300001,4,4,,,,
364,2,0,1,1,0,0,0,0,0,1,,1,3,3.5,20,3,4.25,13,.12,"reduced",11,12,.94999999,.85000002,2.45,4,4,1,1,111492,0
364,2,0,1,1,0,0,0,0,0,1,,2,,1,30,4,5.0500002,52,.25,"free",10.5,12.5,1.05,.83999997,2.4300001,5,3,,,,
366,3,0,1,1,0,0,0,0,0,0,50,1,3,2,17,3,4.5,13,.25,"reduced",10.5,11.5,1.02,.91000003,.63,5,4,1,1,111892,0
366,3,0,1,1,0,0,0,0,0,0,50,2,1,1,19,4,5.0500002,13,.25,"reduced",10.5,11.5,1.01,.89999998,.63,4,3,,,,
368,4,0,1,1,0,0,0,0,0,0,20,1,1,0,20,3,4.25,13,.15000001,"both",10.5,12.5,.88999999,.86000001,.94999999,2,1,1,1,111392,0
368,4,0,1,1,0,0,0,0,0,0,20,2,,0,25,2,5.0500002,19,.15000001,"free",10.5,11.5,1,.85000002,.94999999,2,2,,,,
369,1,1,1,0,0,1,0,0,0,0,87,1,1,0,15,4,4.3499999,18,.12,"reduced",7,15,1.17,1.0599999,1.17,3,2,2,3,120992,
369,1,1,1,0,0,1,0,0,0,0,87,2,,0,0,0,,,,,,,,,,,,,,,
370,1,0,1,0,0,1,0,0,0,0,80,1,0,20,11.5,3.3,4.8499999,18,.25,"both",7,16,1.0599999,.94999999,.94999999,3,2,1,1,110792,1
370,1,0,1,0,0,1,0,0,0,0,80,2,,26,5,3,5.0500002,,.1,"both",7,16,,,,3,2,,,,
371,1,0,1,0,0,1,0,0,0,0,100,1,0,12,23,4,5,13,.15000001,"reduced",7,16,1.0599999,1.02,.94999999,3,3,1,1,110792,0
371,1,0,1,0,0,1,0,0,0,0,100,2,,11,22,5,5.25,26,,"both",7,16,,,,4,2,,,,
372,1,1,1,0,0,1,0,0,0,1,30,1,2,0,45,5,,26,.15000001,"both",6.5,19,1.1,.94999999,1.1,4,,1,1,111792,0
372,1,1,1,0,0,1,0,0,0,1,30,2,1,30,20,5,5.0500002,8,.079999998,"reduced",6.5,18.5,1.0599999,1.05,1.04,4,3,,,,
373,1,1,1,0,0,1,0,0,0,0,100,1,0,14,12,4,5,4,.25,"reduced",6.5,15.5,1.01,.94999999,1.03,6,3,1,1,110792,1
373,1,1,1,0,0,1,0,0,0,0,100,2,,18,15,4,5.0500002,13,.25,"reduced",6.5,15.5,1.1,.94,1.02,6,5,,,,
375,1,0,1,0,0,1,0,0,0,1,0,1,3,25,10,4,5.25,26,.25,"free",7,15,1.02,.80000001,,4,2,1,1,111692,1
375,1,0,1,0,0,1,0,0,0,1,0,2,1,0,25,4,5.5,26,.1,"free",7,15,1.05,.94,1.01,3,3,,,,
376,1,0,1,0,0,1,0,0,0,0,,1,3,4,10,4,4.5,13,.1,"reduced",8,14,.94999999,.94999999,.95999998,8,4,1,1,111792,1
376,1,0,1,0,0,1,0,0,0,0,,2,2,0,17,3,5.0500002,15,.2,"reduced",8,14,1.26,1.01,1,3,3,,,,
377,1,0,1,0,0,1,0,0,0,1,90,1,3,12,6,3,4.25,26,.15000001,"reduced",8,14,1.0599999,.94999999,.94999999,3,2,1,1,110792,0
377,1,0,1,0,0,1,0,0,0,1,90,2,,11,12,3,5.0500002,26,.2,"reduced",8,14,1.05,.94999999,.94,3,1,,,,
378,1,1,1,0,0,1,0,0,0,0,,1,4,10,8,4,5,52,.1,"reduced",6.5,18.5,1.1,.95999998,1.1,5,5,1,1,110792,1
378,1,1,1,0,0,1,0,0,0,0,,2,,20,15,4,5.0500002,52,.25,"reduced",6,19,1.05,.99000001,1.03,6,4,,,,
379,1,0,1,0,0,1,0,0,0,0,30,1,0,20,12,4,4.6199999,26,.17,"both",7,16,1.0599999,1.0599999,.94999999,3,2,1,1,111792,1
379,1,0,1,0,0,1,0,0,0,0,30,2,1,28,6,3,5.0500002,52,.15000001,"free",7,16,1.0599999,1.0599999,1.0599999,3,2,,,,
380,1,0,1,0,0,1,0,0,0,0,50,1,0,10,15,3,4.5,52,.2,"both",7,16,1.0599999,.94999999,.94999999,3,2,1,1,110792,0
380,1,0,1,0,0,1,0,0,0,0,50,2,,15,14,3,5.0500002,26,.13,"free",7,16,1.05,.94,.94,3,2,,,,
381,1,0,1,0,0,1,0,0,0,1,0,1,0,10,20,4,5,13,.5,"reduced",6.5,16.5,1.27,1.17,1.1,4,2,1,1,111692,1
381,1,0,1,0,0,1,0,0,0,1,0,2,,15,15,5,5.0500002,8,.47,"reduced",6.5,16.5,1.37,1.16,1.16,4,2,,,,
383,1,0,1,0,0,1,0,0,0,0,30,1,3,6,4,2,4.5,26,.25,"free",7,16,1.15,.94999999,.94999999,2,2,1,1,111892,0
383,1,0,1,0,0,1,0,0,0,0,30,2,2,7,2,2,5.0500002,26,.38,"free",7,16,1.16,1.01,1.05,2,2,,,,
384,1,0,1,0,0,1,0,0,0,0,,1,3,,,3,4.6500001,26,.25,"reduced",7,16,1.0599999,.94999999,.94999999,3,2,1,1,110792,0
384,1,0,1,0,0,1,0,0,0,0,,2,,0,30,3,5.0500002,26,.1,"both",7,16,1.05,1.05,.88999999,3,2,,,,
385,1,0,1,0,0,1,0,0,0,1,25,1,2,16,14,3,4.25,,.15000001,"free",7,17,,,,3,2,2,1,120992,0
385,1,0,1,0,0,1,0,0,0,1,25,2,4,15,14,3,5.0500002,28,.1,"reduced",7,17,1.16,1.22,.41,3,3,,,,
386,1,0,1,0,0,1,0,0,0,0,,1,0,0,19,3,4.25,39,.25,"free",7,17,1.0599999,.94999999,.94999999,3,2,1,1,111692,0
386,1,0,1,0,0,1,0,0,0,0,,2,,14,10,4,5.0500002,26,.25,"free",7,17,1.05,.94999999,.94999999,4,2,,,,
391,2,0,1,0,0,1,0,0,0,0,12,1,3,15,5,2,4.25,6,.12,"reduced",11,10,1.0599999,1.0599999,2.6600001,3,3,1,1,111492,0
391,2,0,1,0,0,1,0,0,0,0,12,2,2,12,7,2,5.0500002,,,"reduced",11,10,1.05,1.05,2.6400001,4,3,,,,
393,2,1,1,0,0,1,0,0,0,0,100,1,4,4,10,3,4.6199999,2,.25,"reduced",11,11,1.17,1.27,2.77,3,2,1,1,111792,1
393,2,1,1,0,0,1,0,0,0,0,100,2,3,18,4,3,5.25,13,.25,"free",11,11,1.16,1.26,2.75,3,2,,,,
396,3,1,1,0,0,1,0,0,0,0,10,1,1,24,16,4,4.8699999,9,.37,"reduced",6,17,1.27,1.0700001,2.1300001,5,3,1,1,111192,0
396,3,1,1,0,0,1,0,0,0,0,10,2,,8,30,3,5.4000001,26,.1,"reduced",7,16,1.11,1.05,1.05,5,3,,,,
397,3,1,1,0,0,1,0,0,0,0,85,1,2,4,28,3,4.25,52,.62,"reduced",6,17,1.12,1.02,1.0599999,4,3,2,1,122892,0
397,3,1,1,0,0,1,0,0,0,0,85,2,9,6,15,3,5.0500002,52,.23999999,"reduced",6,17,1.17,1.0599999,2.1099999,4,3,,,,
398,3,1,1,0,0,1,0,0,0,0,25,1,1,14,13,4,4.75,13,.15000001,"reduced",6,17,1.12,1.0599999,1.0599999,5,4,2,1,121092,0
398,3,1,1,0,0,1,0,0,0,0,25,2,2,25,15,3,5.0500002,28,,"reduced",6,17,1.11,1.0599999,1.05,5,3,,,,
399,3,1,1,0,0,1,0,0,0,1,,1,0,13,8,3,4.8699999,18,.30000001,"reduced",6,17,1.27,1.04,1.12,7,3,1,1,111192,0
399,3,1,1,0,0,1,0,0,0,1,,2,,18,18,4,5.0500002,26,.23,"reduced",7,16,1.26,1.08,1.05,7,4,,,,
400,3,1,1,0,0,1,0,0,0,0,50,1,0,16,15,3,4.5,39,.5,"both",6,17,1.2,1.0599999,1.0599999,5,5,1,1,111192,0
400,3,1,1,0,0,1,0,0,0,0,50,2,,8,24,3,5.0500002,41,.15000001,"reduced",7,16,1.17,1.01,1.05,5,3,,,,
401,3,0,1,0,0,1,0,0,0,1,18,1,0,8,6,4,4.25,13,.17,"reduced",7,16,1.12,1.02,1.02,6,4,1,1,111792,0
401,3,0,1,0,0,1,0,0,0,1,18,2,2,5,27,4,5.0500002,26,.15000001,"reduced",6,16,1.12,1.05,1.05,6,4,,,,
402,3,1,1,0,0,1,0,0,0,0,20,1,2,11,10,3,4.75,26,.25,"reduced",6,16,1.12,1.02,1.0599999,4,2,1,1,111692,0
402,3,1,1,0,0,1,0,0,0,0,20,2,,17,5,2,5.0500002,26,.13,"reduced",7,15,1.11,1.05,1.05,4,1,,,,
403,3,1,1,0,0,1,0,0,0,0,10,1,2,13,31,,5.0500002,26,.15000001,"reduced",6,18,1.09,1.12,1.0599999,5,4,1,1,111892,1
403,3,1,1,0,0,1,0,0,0,0,10,2,3,11,23,3,5.0500002,13,,"reduced",7,16,1.11,1.0599999,1.05,4,4,,,,
405,3,1,1,0,0,1,0,0,0,0,57,1,3,6,17,3,4.3200002,26,.12,"reduced",6,17,1.12,1.02,1.0599999,7,4,1,1,111692,0
405,3,1,1,0,0,1,0,0,0,0,57,2,,1.5,15,3,5.0500002,26,.15000001,"reduced",7,16,1.12,1.01,1.05,6,3,,,,
406,4,1,1,0,0,1,0,0,0,0,0,1,0,12,35,4,5,,.31999999,"free",10.5,11.5,1.02,,2.1400001,2,2,1,1,111392,
406,4,1,1,0,0,1,0,0,0,0,0,2,,17,22,4,5.5,13,,"free",10.5,12.5,.83999997,.94,1.99,2,2,,,,
407,2,1,2,0,0,0,0,1,0,0,90,1,0,2,12,3,4.75,52,.12,"both",11,10,.94999999,.74000001,2.3299999,4,3,1,1,111492,0
407,2,1,2,0,0,0,0,1,0,0,90,2,,1,14,3,4.25,4,.30000001,"free",11,11,.94999999,.83999997,2.53,4,3,,,,
408,4,1,1,0,0,1,0,0,0,1,0,1,2,5,10,2,5.75,26,.15000001,"reduced",11,10.5,1.17,1.17,1.38,1,1,1,1,111392,0
408,4,1,1,0,0,1,0,0,0,1,0,2,,8,7,3,5.5,26,.15000001,"reduced",11,10.5,1.05,1.16,2.3199999,1,1,,,,
409,1,0,1,0,0,1,0,0,0,0,0,1,0,3,60,2,5,39,,"free",7,15,1.1900001,.87,.94999999,3,3,1,1,111792,0
409,1,0,1,0,0,1,0,0,0,0,0,2,2,0,15,3,5.0500002,,,"free",7,15,1.09,1.04,1.01,3,3,,,,
410,1,0,1,0,0,1,0,0,0,0,,1,0,0,35,3,4.25,26,.1,"both",7,16,1.04,1.12,1.02,4,3,1,1,111692,1
410,1,0,1,0,0,1,0,0,0,0,,2,,0,35,3,5.0500002,26,.1,"reduced",7,16,1.1900001,.98000002,1.01,4,3,,,,
411,1,0,1,0,0,1,0,0,0,0,100,1,1,0,36,3,4.5,26,.1,"reduced",7,16,1.16,1.02,1.09,5,4,1,1,111692,1
411,1,0,1,0,0,1,0,0,0,0,100,2,,4,36,3,5.0500002,4,.13,"reduced",7,16,1.15,1.01,1.01,5,4,,,,
412,2,0,1,0,1,0,0,0,0,0,18,1,0,0,17,2,4.5,,.37,"free",11,11,1.0599999,1.02,2.3399999,5,2,1,1,111292,0
412,2,0,1,0,1,0,0,0,0,0,18,2,,0,13,2,5.0500002,,,"free",11,11,1.15,1.05,2.6400001,5,3,,,,
413,1,0,1,0,0,1,0,0,0,0,100,1,0,0,36,5,4.25,9,.5,"free",6,17,1.12,1.02,1.0599999,4,3,1,1,110792,1
413,1,0,1,0,0,1,0,0,0,0,100,2,,0,20,3,5.0500002,26,.13,"free",7,17,1.11,1.01,1.05,4,2,,,,
414,1,0,1,0,0,1,0,0,0,0,45,1,0,0,36,5,4.25,26,,"free",7,16,1.0599999,.94999999,1.11,4,2,1,1,111692,1
414,1,0,1,0,0,1,0,0,0,0,45,2,,13,9,4,5.0500002,26,.38,"both",7,16,1.15,.94999999,1.13,4,3,,,,
415,1,0,1,0,0,1,0,0,0,1,65,1,0,8,32,5,4.25,9,,"reduced",7,16,1.0599999,.91000003,.98000002,5,3,1,1,110792,0
415,1,0,1,0,0,1,0,0,0,1,65,2,,0,38,4,5.0500002,52,,"reduced",7,16,1.05,.89999998,1.04,4,2,,,,
417,1,1,1,0,0,1,0,0,0,1,90,1,0,4,28,3,4.25,13,.2,"reduced",7,16,1.05,.94,1.0700001,4,4,1,1,110992,1
417,1,1,1,0,0,1,0,0,0,1,90,2,,13,17,4,5.0500002,26,.15000001,"both",7,16,1.11,1.09,1,3,2,,,,
418,1,0,1,0,0,1,0,0,0,1,10,1,2,30,15,4,4.25,26,.1,"reduced",8,15,1.02,1.01,.51999998,4,3,1,1,110992,0
418,1,0,1,0,0,1,0,0,0,1,10,2,,0,35,4,5.0500002,26,.15000001,"reduced",7,16,1.03,.89999998,.58999997,3,3,,,,
419,2,1,1,0,0,1,0,0,0,0,15,1,4,3,10,4,4.25,,.5,"reduced",11,11,1.0599999,.85000002,2.3399999,4,4,2,1,121592,0
419,2,1,1,0,0,1,0,0,0,0,15,2,4,5,5,2,5.0500002,,,"free",11,11,1.05,.83999997,2.53,4,3,,,,
421,2,1,1,0,0,1,0,0,0,0,10,1,3,20,10,8,4.6199999,4,.37,"reduced",10.5,13,1.0599999,.85000002,2.3399999,4,2,1,1,111792,0
421,2,1,1,0,0,1,0,0,0,0,10,2,3,25,7,8,5.0500002,4,1,"reduced",10.5,13,1.05,.83999997,2.3199999,4,2,,,,
422,2,0,1,0,0,1,0,0,0,0,,1,2,0,7,3,4.75,,.25,"reduced",10,11,1.0599999,.85000002,2.3399999,4,2,1,1,111492,0
422,2,0,1,0,0,1,0,0,0,0,,2,2,5,10,6,5.0500002,,,"free",11,11,1.01,.83999997,2.3199999,4,4,,,,
423,2,1,1,0,0,1,0,0,0,1,33,1,3,2,10,2,4.9499998,13,.5,"free",11,12,1.0599999,.85000002,2.3399999,3,2,1,1,111492,0
423,2,1,1,0,0,1,0,0,0,1,33,2,1,19,3.5,3,5.25,13,.5,"free",11,11,1.05,.83999997,2.3199999,3,2,,,,
424,2,1,1,0,0,1,0,0,0,0,45,1,0,3.5,6.5,3,4.75,13,.25,"free",11,11,1.0599999,.85000002,2.3399999,5,3,1,1,111792,0
424,2,1,1,0,0,1,0,0,0,0,45,2,1,12,3,4,5.25,19,.5,"free",11,14,1.05,.94,2.3199999,5,3,,,,
426,3,1,1,0,0,1,0,0,0,0,75,1,0,3,33,5,4.25,26,.15000001,"reduced",5,19,1.1799999,1.02,1.0599999,5,3,1,1,111192,1
426,3,1,1,0,0,1,0,0,0,0,75,2,,5,25,3,5.0500002,19,.25,"reduced",6,18,1.11,1.05,1.05,6,5,,,,
427,4,0,1,0,0,1,0,0,0,0,40,1,3,7,8,3,4.75,13,.1,"reduced",10.5,12.5,1.0599999,.98000002,2.03,2,2,2,1,121792,1
427,4,0,1,0,0,1,0,0,0,0,40,2,4,0,35,3,5.0500002,,,"reduced",10.5,12.5,1.11,1.09,2.0699999,2,2,,,,
428,4,0,1,0,0,1,0,0,0,0,100,1,2,0,33,3,4.6199999,13,.12,"reduced",10.5,12.5,1.0599999,.98000002,1.0599999,2,2,1,1,111392,0
428,4,0,1,0,0,1,0,0,0,0,100,2,,10,24,3,5.1399999,13,.1,"reduced",10.5,12.5,1.05,.88999999,2.1099999,2,2,,,,
430,1,0,2,0,0,0,1,0,0,0,44,1,0,20,25,4,4.25,13,.15000001,"reduced",7,15,.94999999,.75,.80000001,3,3,1,1,110792,0
430,1,0,2,0,0,0,1,0,0,0,44,2,,0,48,3,4.25,26,.13,"reduced",7,16,.91000003,.73000002,.75,3,3,,,,
432,1,0,2,0,0,0,1,0,0,0,75,1,0,20,55,5,4.5,17,.15000001,"reduced",7,16,.94,.74000001,.79000002,4,3,1,1,110792,0
432,1,0,2,0,0,0,1,0,0,0,75,2,1,25,10,4,5.0500002,26,.2,"reduced",7,16,.94,.74000001,.79000002,3,1,,,,
433,1,0,2,0,0,0,1,0,0,0,75,1,0,10,30,4,4.25,13,.15000001,"reduced",7,16,.94999999,.73000002,.80000001,3,3,2,1,123092,0
433,1,0,2,0,0,0,1,0,0,0,75,2,6,0,42,4,,,,"reduced",7,16,.94,.74000001,.74000001,3,3,,,,
434,1,0,2,0,0,0,1,0,0,0,77,1,2,15,50,5,4.25,6,.25,"reduced",7,16,.94999999,.75,,3,3,1,1,111692,0
434,1,0,2,0,0,0,1,0,0,0,77,2,,19,29,4,4.25,,,"reduced",7,16,.94999999,.80000001,.80000001,3,3,,,,
435,1,0,2,0,0,0,1,0,0,1,25,1,1,1,37.5,3,4.25,4,.17,"reduced",6.5,15.5,.94999999,.75,.79000002,3,3,1,1,110792,1
435,1,0,2,0,0,0,1,0,0,1,25,2,,0,32,5,4.25,6,.15000001,"reduced",6.5,15.5,.94,.74000001,.79000002,3,2,,,,
438,2,0,2,0,0,0,1,0,0,0,11,1,2,0,9,3,4.25,52,.07,"reduced",11,8,1.01,.83999997,2.4300001,2,1,1,1,111292,0
438,2,0,2,0,0,0,1,0,0,0,11,2,,2,9,3,4.25,52,.050000001,"reduced",11,9,.94999999,.83999997,2.4300001,2,1,,,,
440,4,0,2,0,0,0,1,0,0,0,100,1,2,0,25,3,4.25,19,.15000001,"reduced",10.5,11.5,.88999999,.79000002,2.01,2,2,1,1,111392,0
440,4,0,2,0,0,0,1,0,0,0,100,2,,0,30,3,,,,"reduced",10.5,11.5,1,.80000001,1.8,2,2,,,,
441,4,0,2,0,0,0,1,0,0,1,100,1,2,30,10,3,4.25,4,.25,"reduced",10.5,11.5,.88999999,.76999998,.83999997,2,2,1,1,111392,0
441,4,0,2,0,0,0,1,0,0,1,100,2,,0,30,3,4.25,4,.25,"reduced",10.5,11.5,1,.80000001,1.8099999,2,2,,,,
443,4,0,2,0,0,0,1,0,0,0,95,1,0,4,19,4,4.25,4,.25,"reduced",10.5,11.5,.88999999,.79000002,1.8,2,2,1,1,111392,0
443,4,0,2,0,0,0,1,0,0,0,95,2,,5,20,4,4.3499999,17,.18000001,"reduced",10.5,11.5,1,.80000001,1.8099999,2,2,,,,
444,4,0,2,0,0,0,1,0,0,0,,1,2,12,20,3,4.25,19,.37,"reduced",10.5,12.5,.88999999,.80000001,.83999997,2,2,1,1,111392,0
444,4,0,2,0,0,0,1,0,0,0,,2,,10,35,4,4.5,4,.30000001,"reduced",10.5,11.5,.88999999,,.79000002,2,2,,,,
445,1,0,2,0,0,0,0,1,0,0,0,1,0,50,35,3,5,26,.1,"reduced",6,18,1.04,.88,.94,3,3,1,1,110792,0
445,1,0,2,0,0,0,0,1,0,0,0,2,,15,18,5,4.75,26,.15000001,"reduced",6,18,1.04,.86000001,.94,3,3,,,,
446,1,0,2,0,0,0,0,1,0,0,50,1,2,,,3,4.5,4,.25,"reduced",6,18,1.03,.83999997,.94,,,1,1,110792,1
446,1,0,2,0,0,0,0,1,0,0,50,2,,7,24,4,5,4,.25,"reduced",6,18,.97000003,.83999997,.91000003,4,3,,,,
448,1,0,2,0,0,0,0,1,0,1,78,1,0,8,18,4,4.75,4,.25,"reduced",6,18,.97000003,.83999997,.91000003,3,3,1,1,111892,0
448,1,0,2,0,0,0,0,1,0,1,78,2,1,8,27,3,4.5,13,.25,"reduced",6,18,.95999998,.82999998,.87,3,3,,,,
449,1,0,2,0,0,0,0,1,0,0,3,1,2,0,25,3,4.8699999,3.5,,"reduced",6,18,,,,4,4,1,1,110792,0
449,1,0,2,0,0,0,0,1,0,0,3,2,,15,15,5,5,52,.25,"reduced",6,18,.97000003,.83999997,.73000002,3,3,,,,
450,1,0,2,0,0,0,0,1,0,0,50,1,0,2,21,3,4.75,13,.15000001,"reduced",6.5,16.5,.97000003,.81999999,.83999997,3,3,1,1,111892,1
450,1,0,2,0,0,0,0,1,0,0,50,2,2,27.5,8,3,4.75,13,.25,"reduced",6,18,.91000003,.83999997,.86000001,3,3,,,,
451,1,0,2,0,0,0,0,1,0,0,0,1,0,10,17,5,5,52,.25,"reduced",0,24,1.05,.83999997,.95999998,6,4,1,1,111792,0
451,1,0,2,0,0,0,0,1,0,0,0,2,2,26,9,6,5,26,.2,"reduced",0,24,1.11,.83999997,.94,6,3,,,,
454,2,1,2,0,0,0,0,1,0,0,,1,0,1,9,3,4.5,4,.15000001,"reduced",11,10,.94,.73000002,2.53,4,3,1,1,111292,0
454,2,1,2,0,0,0,0,1,0,0,,2,,0,18,5,5,13,.25,"free",11,11,.94,.73000002,2.6400001,4,3,,,,
455,2,1,2,0,0,0,0,1,0,0,0,1,0,2,8,5,5.25,13,.25,"free",11,10,.73000002,.73000002,2.3199999,2,2,1,1,111292,0
455,2,1,2,0,0,0,0,1,0,0,0,2,,3,12,2,5,13,.25,"reduced",11,11,.94,.83999997,2.3199999,4,3,,,,
458,2,1,2,0,0,0,1,0,0,0,0,1,2,2,10,2,5,19,.15000001,"free",11,10,.94,.73000002,2.3199999,4,4,1,1,111792,0
458,2,1,2,0,0,0,1,0,0,0,0,2,1,2,9,2,5,13,.25,"free",11,10.5,.89999998,.73000002,2.3199999,4,3,,,,
459,3,1,2,0,0,0,0,1,0,0,,1,0,5,20,3,4.25,13,.37,"reduced",6,16,1.05,.89999998,.94,5,,2,1,122292,1
459,3,1,2,0,0,0,0,1,0,0,,2,1,0,20,5,4.3499999,28,.15000001,"reduced",7,15,1.01,1.01,.88999999,4,2,,,,
462,3,1,2,0,0,0,0,1,0,1,5,1,0,2.5,20,3,5,13,.37,"reduced",9,12.5,1.05,1.01,1.11,4,4,2,1,122292,0
462,3,1,2,0,0,0,0,1,0,1,5,2,1,1,25,4,4.75,13,.2,"reduced",9,12,1.01,1.01,.88999999,6,3,,,,
466,4,0,2,0,0,0,0,1,0,1,65,1,2,8,17.5,4,4.75,17,.30000001,"both",10.5,11.5,.94,.80000001,.94,2,2,1,1,111892,0
466,4,0,2,0,0,0,0,1,0,1,65,2,5,14,12,3,,52,,"free",10.5,11.5,.94,,,2,2,,,,
468,1,0,2,0,0,0,0,1,0,0,0,1,0,40,30,3,5,13,.17,"reduced",6,18,.94999999,.94,.94999999,4,3,1,1,110792,1
468,1,0,2,0,0,0,0,1,0,0,0,2,,9,32,4,5,26,.13,"reduced",6,18,.97000003,.83999997,.86000001,4,3,,,,
469,1,0,2,0,0,0,0,1,0,0,80,1,0,8,27,5,5,39,.25,"reduced",6,18,.92000002,.72000003,.95999998,3,2,1,1,111692,0
469,1,0,2,0,0,0,0,1,0,0,80,2,1,7,39,4,4.5,41,.23,"reduced",6,18,.92000002,.81,.87,3,3,,,,
470,1,0,2,0,0,0,0,1,0,0,0,1,0,10.5,30,3,5.5,,.30000001,"reduced",6,18,.97000003,.83999997,.94,3,3,1,1,111792,1
470,1,0,2,0,0,0,0,1,0,0,0,2,2,18,10,3,4.75,13,.15000001,"reduced",6,18,1.03,.83999997,.94,3,2,,,,
471,1,0,2,0,0,0,0,1,0,0,50,1,2,25,20,4,4.25,26,,"reduced",6,18,.97000003,.83999997,.91000003,2,2,1,1,111692,0
471,1,0,2,0,0,0,0,1,0,0,50,2,,12,23,3,4.25,26,.15000001,"reduced",6,18,.97000003,.86000001,.91000003,3,1,,,,
472,1,0,2,0,0,0,0,1,0,0,80,1,2,37.5,2,3,4.25,52,,"reduced",6.5,16.5,.97000003,1.05,.91000003,3,3,1,1,110792,0
472,1,0,2,0,0,0,0,1,0,0,80,2,,8,25,3,4.9000001,13,.18000001,"reduced",6,17,.95999998,.83999997,.91000003,3,3,,,,
473,1,0,2,0,0,0,0,1,0,1,50,1,0,5,27,4,4.75,26,.5,"reduced",6,17,.97000003,.86000001,.88999999,3,2,1,1,111792,0
473,1,0,2,0,0,0,0,1,0,1,50,2,1,26,15,2,4.5,19,.13,"reduced",6,17,.97000003,.83999997,.86000001,3,3,,,,
474,1,0,2,0,0,0,0,1,0,0,0,1,2,6,9,3,5,26,.37,"reduced",9,12.5,1.13,.98000002,1.01,3,1,2,1,122292,0
474,1,0,2,0,0,0,0,1,0,0,0,2,1,5,20,3,4.5,,0,"reduced",8.5,13,1.09,.94,.94,3,2,,,,
475,1,0,2,0,0,0,0,1,0,0,60,1,1,25,8,3,4.5,,,"free",7,15,1.02,.88999999,.89999998,3,3,1,1,110792,0
475,1,0,2,0,0,0,0,1,0,0,60,2,,10,16,3,4.5,26,.15000001,"free",7,15,1.02,.94,.89999998,3,3,,,,
476,1,0,2,0,0,0,1,0,0,0,60,1,2,6,30,3,4.25,52,.12,"reduced",6,18,.94999999,.79000002,.91000003,3,3,1,1,111792,0
476,1,0,2,0,0,0,1,0,0,0,60,2,1,5,30,3,4.75,52,.2,"reduced",6,18,.95999998,.83999997,1.1799999,3,3,,,,
477,1,0,2,0,0,0,0,1,0,1,50,1,1,8,28,4,4.25,39,.12,"reduced",6.5,16.5,.97000003,.77999997,.99000001,3,3,1,1,110792,0
477,1,0,2,0,0,0,0,1,0,1,50,2,,6,20,4,6.25,26,.5,"reduced",6,17,.95999998,.83999997,.88999999,3,3,,,,
478,1,0,2,0,0,0,1,0,0,0,30,1,0,32,25,4,4.5,13,.22,"reduced",6,19,.97000003,.86000001,.91000003,3,3,2,1,122292,0
478,1,0,2,0,0,0,1,0,0,0,30,2,1,8,30,4,4.3499999,13,.25,"reduced",6,18,1.01,.88,.91000003,3,2,,,,
481,2,1,2,0,0,0,0,1,0,1,0,1,2,5,17.5,3,5.25,26,.25,"both",11,10,.94999999,.74000001,2.53,5,4,1,1,111792,1
481,2,1,2,0,0,0,0,1,0,1,0,2,2,15,4,3,5,26,.25,"reduced",11,11,.74000001,.73000002,2.53,3,3,,,,
483,2,1,2,0,0,0,0,1,0,1,0,1,0,1,15,1,5,13,.07,"reduced",11,10,.94,.73000002,2.3199999,4,3,1,1,111292,0
483,2,1,2,0,0,0,0,1,0,1,0,2,,4,13,3,4.75,13,.18000001,"free",11,11,.94999999,.74000001,2.3299999,4,3,,,,
485,2,1,2,0,0,0,0,1,0,0,80,1,2,1,9,3,4.5,26,.37,"reduced",11,10,.94999999,.74000001,2.3299999,4,3,1,1,111292,0
485,2,1,2,0,0,0,0,1,0,0,80,2,,4,12,3,4.5,19,,"reduced",11,11,1.01,.73000002,2.3199999,4,3,,,,
487,3,1,2,0,0,0,0,1,0,1,0,1,0,10,6,2,5,13,.17,"reduced",10,11.5,1.11,.91000003,.94999999,6,3,1,1,111192,0
487,3,1,2,0,0,0,0,1,0,1,0,2,,6,20,3,4.75,26,.1,"reduced",10.5,11,1.05,1.01,.94,6,1,,,,
488,3,0,2,0,0,0,0,1,0,1,0,1,1,20,13,3,5,13,.25,"reduced",6,16,1.05,.79000002,1.01,5,5,1,1,111192,0
488,3,0,2,0,0,0,0,1,0,1,0,2,,5,15,3,4.75,26,.13,"reduced",7,15,1.01,1.01,.94,5,3,,,,
489,3,0,2,0,0,0,0,1,0,1,6,1,2,5,23,2,5,13,.37,"reduced",7,14,1.05,1.01,.94,4,4,1,1,111892,0
489,3,0,2,0,0,0,0,1,0,1,6,2,2,2,19,3,4.25,26,.13,"reduced",10,11.5,1.01,1.01,1.05,6,3,,,,
490,3,1,2,0,0,0,0,1,0,0,0,1,0,10,12.5,4,5,13,.12,"reduced",6,16,1.05,1.01,1.05,4,4,1,1,111692,0
490,3,1,2,0,0,0,0,1,0,0,0,2,1,2,18,3,5,26,.28,"reduced",6,16,1.01,1.01,1.05,5,3,,,,
491,3,0,2,0,0,0,0,1,0,0,100,1,0,4,25,2,4.5,13,.37,"reduced",8.5,13,1.05,.91000003,.94999999,3,2,2,3,123092,
491,3,0,2,0,0,0,0,1,0,0,100,2,3,0,0,0,,,,,,,,,,,,,,,
492,3,1,2,0,0,0,0,1,0,0,75,1,0,2,16,3,4.5,13,.25,"reduced",9,12.5,1.11,1.05,.94,2,1,1,1,111192,0
492,3,1,2,0,0,0,0,1,0,0,75,2,,4,15,2,4.5,19,.1,"reduced",9,12.5,1.11,1.11,1.05,2,1,,,,
493,3,1,2,0,0,0,1,0,0,0,0,1,0,27,12,3,5,26,.25,"reduced",6,16,1.05,.89999998,2.01,6,3,1,1,111192,0
493,3,1,2,0,0,0,1,0,0,0,0,2,,0,30,4,4.9000001,13,.25,"reduced",6,16,1.02,1.01,.83999997,3,3,,,,
495,3,0,2,0,0,0,0,1,0,0,2,1,2,4,28,3,5,26,.25,"reduced",7,15,1.05,1.01,.94,3,3,1,1,111192,1
495,3,0,2,0,0,0,0,1,0,0,2,2,,8,20,3,5,26,.25,"reduced",6,16,.95999998,1.01,1.01,5,3,,,,
496,3,1,2,0,0,0,0,1,0,1,0,1,0,10,15,3,5,13,.17,"reduced",6,16,1.05,.89999998,.73000002,5,3,1,1,111192,0
496,3,1,2,0,0,0,0,1,0,1,0,2,,10,10,3,4.75,19,.18000001,"reduced",6,16,1.01,1.01,.88999999,,,,,,
497,4,1,2,0,0,0,0,1,0,1,37,1,0,12,15,3,4.5,13,.15000001,"reduced",10,12,.91000003,.83999997,.83999997,2,2,1,1,111392,0
497,4,1,2,0,0,0,0,1,0,1,37,2,,,,5,,,,"reduced",10,12,1.01,.89999998,.79000002,2,2,,,,
498,4,1,2,0,0,0,0,1,0,1,75,1,2,20,10,3,4.75,26,.1,"reduced",10,12,.91000003,.83999997,.85000002,2,2,1,1,111792,1
498,4,1,2,0,0,0,0,1,0,1,75,2,2,21,5.5,3,5,26,,"reduced",10,12,.98000002,.83999997,.89999998,2,2,,,,
499,4,1,2,0,0,0,0,1,0,1,11,1,0,0,28,5,5,26,.07,"reduced",10,12,.89999998,.69,1.75,2,2,1,1,111492,1
499,4,1,2,0,0,0,0,1,0,1,11,2,1,0,31,5,5,26,.1,"reduced",10,12,.89999998,.69,.94,2,2,,,,
501,1,0,2,0,0,0,0,1,0,1,63,1,0,14,15,3,4.25,4,.37,"reduced",6.5,16.5,.83999997,.83999997,.94,3,3,1,1,111792,1
501,1,0,2,0,0,0,0,1,0,1,63,2,2,30,15,6,4.75,4,.34999999,"free",6,18,1.03,.91000003,.91000003,3,3,,,,
503,1,0,2,0,0,0,0,1,0,0,100,1,2,7.5,14,4,4.75,,.12,"reduced",6.5,16.5,.97000003,.83999997,.91000003,3,3,1,1,110792,0
503,1,0,2,0,0,0,0,1,0,0,100,2,,35,6.5,3,4.5,13,.15000001,"reduced",6,18,.97000003,.83999997,1,3,3,,,,
506,2,1,2,0,0,0,1,0,0,0,30,1,0,3,7,2,,13,.37,"reduced",11,10,.94999999,.74000001,2.3299999,3,3,1,1,111292,
506,2,1,2,0,0,0,1,0,0,0,30,2,,3,7,4,5,19,.25,"free",11,11,.94999999,.74000001,2.3299999,4,3,,,,
509,3,1,2,0,0,0,0,1,0,0,30,1,2,3,16,3,5,13,.25,"reduced",6,16,1.05,.94999999,1.16,6,3,1,1,111192,0
509,3,1,2,0,0,0,0,1,0,0,30,2,,5.5,10,3,4.25,26,.2,"reduced",6.5,15.5,1,1.01,.94,3,2,,,,
510,3,1,2,0,0,0,0,1,0,0,60,1,0,7,25,4,4.25,26,.25,"reduced",6,16,1.05,.91000003,1.05,3,3,1,1,111892,1
510,3,1,2,0,0,0,0,1,0,0,60,2,2,2.5,17.5,3,,13,,"reduced",7,15,1.05,1.01,,5,3,,,,
511,3,1,2,0,0,0,0,1,0,0,75,1,0,4,16,3,4.75,9,.15000001,"reduced",6,16.5,1.01,.91000003,1.05,4,4,1,1,111192,0
511,3,1,2,0,0,0,0,1,0,0,75,2,,3,13,3,4.75,,,"reduced",7,15,1.01,1.01,.88999999,6,2,,,,
514,3,0,2,0,0,0,0,1,0,0,25,1,0,5,20,3,4.5,26,.25,"reduced",6,16,.94,.89999998,.94,5,3,1,1,111192,0
514,3,0,2,0,0,0,0,1,0,0,25,2,1,23,16,3,4.25,10,.2,"reduced",6,16,.94999999,.94999999,1.05,6,4,,,,
515,3,1,2,0,0,0,0,1,0,0,33,1,0,7,16,4,5,13,.2,"reduced",6,16,1.05,.94,1.16,5,3,1,1,111192,0
515,3,1,2,0,0,0,0,1,0,0,33,2,,5,19,3,4.75,13,.18000001,"reduced",6,16,1.01,1.01,.94,5,4,,,,
516,3,1,2,0,0,0,0,1,0,0,23,1,2,6,22.5,3,4.75,13,.12,"both",6,16,1.05,.91000003,1.05,4,3,1,1,111692,1
516,3,1,2,0,0,0,0,1,0,0,23,2,,2,12,2,4.9099998,14,.18000001,"reduced",8,14,1.01,.94999999,.88999999,5,3,,,,
521,1,0,2,0,0,0,1,0,0,1,50,1,0,2.5,20,3,4.25,13,,"reduced",6.5,16.5,,,.51999998,4,4,1,1,110792,1
521,1,0,2,0,0,0,1,0,0,1,50,2,,0,12,8,4.4000001,13,.13,"reduced",7,16,.41,.83999997,.88999999,4,2,,,,
522,1,0,2,0,0,0,1,0,0,0,75,1,2,2,30,4,4.3499999,26,.2,"both",7,16,1,.87,.94,3,3,1,1,110792,0
522,1,0,2,0,0,0,1,0,0,0,75,2,,3,23,3,4.25,26,.15000001,"both",7,16,1,.74000001,.94999999,3,3,,,,
